Validation,Normalization,Model,Threshold,Consecutive_Hits,Score,MAE,Missed_Alerts,Tol_Early_Rate,Tol_Late_Rate,Far_Early_Rate,Far_Late_Rate
K-Fold (5),MinMax,LightGBM,0.9,1,539.7950925282224,9.360000000000003,0,22.9%,31.4%,20.0%,25.7%
K-Fold (5),Z-Score,LightGBM,0.9,1,643.8054312869191,9.34857142857143,0,22.9%,31.4%,17.1%,28.6%
K-Fold (5),Z-Score,XGBoost,0.5,3,786.9271419820018,10.414285714285715,0,31.4%,22.9%,22.9%,22.9%
K-Fold (5),MinMax,XGBoost,0.5,3,786.9271419820018,10.414285714285715,0,31.4%,22.9%,22.9%,22.9%
K-Fold (5),Z-Score,Gradient Boosting,0.5,3,834.2347282694842,11.448571428571428,0,22.9%,25.7%,28.6%,22.9%
K-Fold (5),MinMax,Gradient Boosting,0.5,3,834.2347282694842,11.448571428571428,0,22.9%,25.7%,28.6%,22.9%
K-Fold (5),Z-Score,Gradient Boosting,0.7,2,840.6390437623046,10.802857142857144,0,25.7%,28.6%,20.0%,25.7%
K-Fold (5),MinMax,Gradient Boosting,0.7,2,840.6390437623046,10.802857142857144,0,25.7%,28.6%,20.0%,25.7%
K-Fold (5),MinMax,LightGBM,0.75,2,908.1821407185865,11.085714285714285,0,25.7%,22.9%,20.0%,31.4%
Hold-out,Z-Score,Gradient Boosting,0.5,2,944.8050038565414,13.894736842105265,1,36.8%,10.5%,52.6%,0.0%
Hold-out,MinMax,Gradient Boosting,0.5,2,944.8050038565414,13.894736842105265,1,36.8%,10.5%,52.6%,0.0%
K-Fold (5),MinMax,LightGBM,0.85,1,958.2100881105326,11.94857142857143,0,20.0%,25.7%,34.3%,20.0%
K-Fold (5),Z-Score,LightGBM,0.7,2,965.4892995885484,11.628571428571428,0,28.6%,25.7%,22.9%,22.9%
K-Fold (5),Z-Score,Gradient Boosting,0.6,3,975.6688783020589,11.025714285714287,0,22.9%,22.9%,22.9%,31.4%
K-Fold (5),MinMax,Gradient Boosting,0.6,3,975.6688783020589,11.025714285714287,0,22.9%,22.9%,22.9%,31.4%
K-Fold (5),MinMax,LightGBM,0.8,2,989.2076819536676,10.611428571428572,0,28.6%,22.9%,11.4%,37.1%
K-Fold (5),Z-Score,LightGBM,0.8,2,992.0809874257272,10.622857142857145,0,34.3%,20.0%,8.6%,37.1%
K-Fold (5),MinMax,LightGBM,0.7,2,1027.3209745388642,12.405714285714287,0,25.7%,22.9%,25.7%,25.7%
K-Fold (5),MinMax,Gradient Boosting,0.75,2,1032.4732445048023,11.11142857142857,0,22.9%,28.6%,14.3%,34.3%
K-Fold (5),Z-Score,Gradient Boosting,0.75,2,1032.4732445048023,11.11142857142857,0,22.9%,28.6%,14.3%,34.3%
K-Fold (5),Z-Score,LightGBM,0.85,2,1032.5721542745573,9.831428571428573,0,28.6%,25.7%,2.9%,42.9%
K-Fold (5),MinMax,LightGBM,0.6,2,1036.7348578914068,12.817142857142859,0,20.0%,28.6%,34.3%,17.1%
K-Fold (5),MinMax,XGBoost,0.7,2,1041.6826817120575,11.38,0,22.9%,22.9%,20.0%,34.3%
K-Fold (5),Z-Score,XGBoost,0.7,2,1041.6826817120575,11.38,0,22.9%,22.9%,20.0%,34.3%
K-Fold (5),Z-Score,XGBoost,0.75,2,1059.1429295213707,10.88857142857143,0,22.9%,22.9%,14.3%,40.0%
K-Fold (5),MinMax,XGBoost,0.75,2,1059.1429295213707,10.88857142857143,0,22.9%,22.9%,14.3%,40.0%
K-Fold (5),MinMax,LightGBM,0.85,2,1063.3013453470621,9.640000000000002,0,28.6%,25.7%,2.9%,42.9%
K-Fold (5),Z-Score,LightGBM,0.6,2,1063.3135445880264,13.031428571428572,0,20.0%,25.7%,34.3%,20.0%
K-Fold (5),Z-Score,LightGBM,0.6,3,1076.4875661968135,11.200000000000001,0,25.7%,22.9%,20.0%,31.4%
K-Fold (5),MinMax,XGBoost,0.6,3,1087.6269595061249,11.122857142857143,0,28.6%,20.0%,17.1%,34.3%
K-Fold (5),Z-Score,XGBoost,0.6,3,1087.6269595061249,11.122857142857143,0,28.6%,20.0%,17.1%,34.3%
K-Fold (5),MinMax,Logistic Regression,0.7,2,1110.5698428479832,12.797142857142859,0,25.7%,17.1%,25.7%,31.4%
K-Fold (5),MinMax,Logistic Regression,0.6,2,1120.2073609511463,13.888571428571428,0,22.9%,17.1%,31.4%,28.6%
K-Fold (5),Z-Score,LightGBM,0.5,2,1123.521453804138,13.754285714285714,0,20.0%,25.7%,42.9%,11.4%
K-Fold (5),Z-Score,Logistic Regression,0.6,2,1133.7548083129745,13.954285714285714,0,22.9%,20.0%,28.6%,28.6%
K-Fold (5),Z-Score,Logistic Regression,0.7,2,1147.3545438535314,13.285714285714286,0,22.9%,17.1%,28.6%,31.4%
K-Fold (5),MinMax,LightGBM,0.5,2,1152.226066034185,14.445714285714287,0,22.9%,17.1%,45.7%,14.3%
K-Fold (5),Z-Score,Logistic Regression,0.85,1,1224.3879531762339,12.165714285714287,0,28.6%,11.4%,20.0%,40.0%
K-Fold (5),Z-Score,Gradient Boosting,0.7,3,1256.32558752665,10.8,0,20.0%,28.6%,11.4%,40.0%
K-Fold (5),MinMax,Gradient Boosting,0.7,3,1256.32558752665,10.8,0,20.0%,28.6%,11.4%,40.0%
K-Fold (5),Z-Score,LightGBM,0.75,2,1267.9922697136296,11.837142857142858,0,28.6%,20.0%,17.1%,34.3%
K-Fold (5),MinMax,Logistic Regression,0.5,5,1269.1118439452766,14.080000000000002,0,20.0%,20.0%,31.4%,28.6%
K-Fold (5),MinMax,LightGBM,0.7,3,1270.0008373473077,10.080000000000002,0,22.9%,31.4%,8.6%,37.1%
K-Fold (5),MinMax,Logistic Regression,0.85,1,1273.3073695525766,12.22,0,25.7%,14.3%,20.0%,40.0%
Hold-out,Z-Score,LightGBM,0.85,1,1279.6477229244574,11.022222222222226,2,38.9%,22.2%,33.3%,5.6%
Hold-out,MinMax,LightGBM,0.8,1,1281.3613377614759,11.844444444444447,2,38.9%,22.2%,38.9%,0.0%
Hold-out,Z-Score,LightGBM,0.8,1,1281.6696837741742,10.861111111111112,2,38.9%,27.8%,33.3%,0.0%
K-Fold (5),MinMax,Gradient Boosting,0.75,3,1283.0566510516342,10.508571428571429,0,22.9%,25.7%,5.7%,45.7%
K-Fold (5),Z-Score,Gradient Boosting,0.75,3,1283.0566510516342,10.508571428571429,0,22.9%,25.7%,5.7%,45.7%
K-Fold (5),Z-Score,LightGBM,0.7,3,1286.0783479711988,10.182857142857145,0,22.9%,28.6%,11.4%,37.1%
K-Fold (5),MinMax,XGBoost,0.75,3,1287.7645515881063,11.457142857142857,0,14.3%,25.7%,8.6%,51.4%
K-Fold (5),Z-Score,XGBoost,0.75,3,1287.7645515881063,11.457142857142857,0,14.3%,25.7%,8.6%,51.4%
K-Fold (5),MinMax,LightGBM,0.6,3,1315.315866419286,11.197142857142858,0,22.9%,25.7%,20.0%,31.4%
Hold-out,MinMax,LightGBM,0.85,1,1320.9822109470488,11.26666666666667,2,38.9%,16.7%,33.3%,11.1%
Hold-out,Z-Score,XGBoost,0.75,1,1325.3952181048846,11.483333333333334,2,38.9%,22.2%,33.3%,5.6%
Hold-out,MinMax,XGBoost,0.75,1,1325.3952181048846,11.483333333333334,2,38.9%,22.2%,33.3%,5.6%
K-Fold (5),MinMax,Logistic Regression,0.5,3,1337.0777487775345,14.868571428571428,0,22.9%,14.3%,34.3%,28.6%
Hold-out,MinMax,XGBoost,0.8,1,1340.1705926369043,11.994444444444447,2,33.3%,16.7%,33.3%,16.7%
Hold-out,Z-Score,XGBoost,0.8,1,1340.1705926369043,11.994444444444447,2,33.3%,16.7%,33.3%,16.7%
K-Fold (5),MinMax,Logistic Regression,0.75,2,1343.8188612219612,12.620000000000001,0,22.9%,20.0%,22.9%,34.3%
K-Fold (5),MinMax,Logistic Regression,0.6,3,1355.059726358844,13.905714285714286,0,22.9%,14.3%,28.6%,34.3%
Hold-out,Z-Score,LightGBM,0.75,1,1359.4644699438106,13.522222222222222,2,33.3%,22.2%,44.4%,0.0%
K-Fold (5),MinMax,LightGBM,0.5,3,1367.4804225427629,14.074285714285715,0,17.1%,20.0%,37.1%,25.7%
Hold-out,MinMax,LightGBM,0.75,1,1371.001655846217,14.138888888888891,2,27.8%,22.2%,50.0%,0.0%
K-Fold (5),MinMax,XGBoost,0.7,3,1371.6206609216651,10.74,0,22.9%,25.7%,11.4%,40.0%
K-Fold (5),Z-Score,XGBoost,0.7,3,1371.6206609216651,10.74,0,22.9%,25.7%,11.4%,40.0%
K-Fold (5),Z-Score,Logistic Regression,0.5,5,1373.2322155678314,14.037142857142857,0,22.9%,20.0%,28.6%,28.6%
K-Fold (5),MinMax,LightGBM,0.75,3,1373.8017076553708,10.35142857142857,0,22.9%,28.6%,8.6%,40.0%
K-Fold (5),MinMax,Random Forest,0.5,5,1383.119346579539,13.540000000000001,0,25.7%,20.0%,22.9%,31.4%
K-Fold (5),Z-Score,Logistic Regression,0.6,3,1384.4414007188184,14.362857142857145,0,20.0%,17.1%,28.6%,34.3%
K-Fold (5),MinMax,XGBoost,0.8,2,1414.0693883236265,11.025714285714287,0,22.9%,20.0%,8.6%,48.6%
K-Fold (5),Z-Score,XGBoost,0.8,2,1414.0693883236265,11.025714285714287,0,22.9%,20.0%,8.6%,48.6%
K-Fold (5),Z-Score,Gradient Boosting,0.9,1,1420.034168624709,11.86,0,22.9%,20.0%,22.9%,34.3%
K-Fold (5),MinMax,Gradient Boosting,0.9,1,1420.034168624709,11.86,0,22.9%,20.0%,22.9%,34.3%
K-Fold (5),Z-Score,LightGBM,0.75,3,1446.0169570696182,9.714285714285714,0,28.6%,31.4%,2.9%,37.1%
K-Fold (5),Z-Score,Logistic Regression,0.8,1,1446.3567634573797,13.725714285714286,0,28.6%,14.3%,25.7%,31.4%
K-Fold (5),MinMax,Logistic Regression,0.8,2,1455.7578452779546,12.091428571428573,0,22.9%,20.0%,17.1%,40.0%
K-Fold (5),MinMax,Logistic Regression,0.6,5,1459.2993401397448,13.571428571428573,0,22.9%,17.1%,25.7%,34.3%
K-Fold (5),MinMax,Logistic Regression,0.8,1,1466.5421027047119,13.834285714285716,0,28.6%,11.4%,25.7%,34.3%
K-Fold (5),Z-Score,Random Forest,0.5,5,1466.9766847945261,14.134285714285715,0,22.9%,20.0%,25.7%,31.4%
Hold-out,Z-Score,LightGBM,0.5,3,1492.749063558655,12.122222222222222,2,38.9%,16.7%,38.9%,5.6%
K-Fold (5),Z-Score,Logistic Regression,0.75,2,1504.8869452857873,12.92,0,25.7%,17.1%,22.9%,34.3%
K-Fold (5),Z-Score,Gradient Boosting,0.5,5,1540.0583171527774,10.765714285714287,0,25.7%,25.7%,17.1%,31.4%
K-Fold (5),MinMax,Gradient Boosting,0.5,5,1540.0583171527774,10.765714285714287,0,25.7%,25.7%,17.1%,31.4%
K-Fold (5),Z-Score,Logistic Regression,0.7,3,1541.7551010125537,13.188571428571429,0,25.7%,20.0%,20.0%,34.3%
K-Fold (5),Z-Score,LightGBM,0.5,3,1542.201925259008,14.21142857142857,0,17.1%,20.0%,34.3%,28.6%
Hold-out,Z-Score,LightGBM,0.6,2,1543.5024803577035,13.8,2,27.8%,22.2%,50.0%,0.0%
Hold-out,MinMax,LightGBM,0.7,1,1551.8253550012307,16.284210526315793,1,36.8%,15.8%,47.4%,0.0%
K-Fold (5),MinMax,Logistic Regression,0.7,3,1552.8722140751788,13.21142857142857,0,28.6%,17.1%,20.0%,34.3%
Hold-out,Z-Score,LightGBM,0.7,1,1554.166109128704,14.883333333333333,2,33.3%,22.2%,44.4%,0.0%
K-Fold (5),Z-Score,Random Forest,0.6,5,1580.9640883606444,13.96,0,17.1%,17.1%,22.9%,42.9%
K-Fold (5),Z-Score,Logistic Regression,0.9,1,1594.5582880899303,12.254285714285714,0,14.3%,22.9%,17.1%,45.7%
Hold-out,MinMax,Gradient Boosting,0.5,5,1601.034200582683,8.152941176470586,3,52.9%,23.5%,23.5%,0.0%
Hold-out,Z-Score,Gradient Boosting,0.5,5,1601.034200582683,8.152941176470586,3,52.9%,23.5%,23.5%,0.0%
Hold-out,MinMax,LightGBM,0.6,2,1602.1441505716175,13.872222222222224,2,27.8%,16.7%,50.0%,5.6%
K-Fold (5),MinMax,Gradient Boosting,0.6,5,1612.9138644961765,10.997142857142856,0,25.7%,20.0%,8.6%,45.7%
K-Fold (5),Z-Score,Gradient Boosting,0.6,5,1612.9138644961765,10.997142857142856,0,25.7%,20.0%,8.6%,45.7%
K-Fold (5),Z-Score,Logistic Regression,0.6,5,1615.8365258343204,13.882857142857144,0,20.0%,14.3%,28.6%,37.1%
Hold-out,Z-Score,Logistic Regression,0.6,2,1624.0812506353159,10.89411764705882,3,41.2%,17.6%,41.2%,0.0%
Hold-out,Z-Score,LightGBM,0.7,2,1625.1337530348483,9.194117647058825,3,41.2%,23.5%,29.4%,5.9%
K-Fold (5),MinMax,XGBoost,0.5,5,1631.0343433762798,10.645714285714286,0,22.9%,25.7%,17.1%,34.3%
K-Fold (5),Z-Score,XGBoost,0.5,5,1631.0343433762798,10.645714285714286,0,22.9%,25.7%,17.1%,34.3%
Hold-out,Z-Score,Logistic Regression,0.7,2,1640.1086309469238,9.723529411764705,3,47.1%,5.9%,29.4%,17.6%
K-Fold (5),Z-Score,Logistic Regression,0.8,2,1642.0255425502362,12.917142857142858,0,20.0%,20.0%,20.0%,40.0%
K-Fold (5),MinMax,Logistic Regression,0.9,1,1646.1894129106101,12.362857142857143,0,14.3%,22.9%,17.1%,45.7%
Hold-out,Z-Score,XGBoost,0.7,1,1648.8559362875571,13.344444444444443,2,33.3%,22.2%,44.4%,0.0%
Hold-out,MinMax,XGBoost,0.7,1,1648.8559362875571,13.344444444444443,2,33.3%,22.2%,44.4%,0.0%
K-Fold (5),Z-Score,Gradient Boosting,0.8,2,1659.7129261813855,11.12,0,25.7%,22.9%,8.6%,42.9%
K-Fold (5),MinMax,Gradient Boosting,0.8,2,1659.7129261813855,11.12,0,25.7%,22.9%,8.6%,42.9%
Hold-out,Z-Score,Logistic Regression,0.75,1,1668.5319967735563,11.411764705882355,3,47.1%,5.9%,35.3%,11.8%
Hold-out,MinMax,XGBoost,0.6,2,1671.8578605407383,10.670588235294119,3,35.3%,23.5%,41.2%,0.0%
Hold-out,Z-Score,XGBoost,0.6,2,1671.8578605407383,10.670588235294119,3,35.3%,23.5%,41.2%,0.0%
Hold-out,Z-Score,Logistic Regression,0.6,3,1672.741121254394,11.188235294117646,3,41.2%,11.8%,29.4%,17.6%
Hold-out,MinMax,Logistic Regression,0.6,2,1673.6673269180476,11.617647058823527,3,35.3%,5.9%,47.1%,11.8%
Hold-out,Z-Score,Logistic Regression,0.75,2,1678.4624663114248,9.1,3,58.8%,0.0%,17.6%,23.5%
K-Fold (5),Z-Score,Logistic Regression,0.75,3,1679.3458412273299,12.357142857142858,0,25.7%,22.9%,14.3%,37.1%
Hold-out,Z-Score,Gradient Boosting,0.5,3,1683.547694602375,11.529411764705884,3,41.2%,11.8%,47.1%,0.0%
Hold-out,MinMax,Gradient Boosting,0.5,3,1683.547694602375,11.529411764705884,3,41.2%,11.8%,47.1%,0.0%
Hold-out,MinMax,Logistic Regression,0.7,2,1694.4116596331319,10.700000000000001,3,47.1%,0.0%,29.4%,23.5%
K-Fold (5),MinMax,LightGBM,0.9,2,1716.300110753844,10.902857142857144,0,22.9%,22.9%,0.0%,54.3%
Hold-out,Z-Score,Logistic Regression,0.5,3,1720.462342701356,12.935294117647057,3,35.3%,11.8%,47.1%,5.9%
Hold-out,Z-Score,Logistic Regression,0.5,2,1720.9893945619315,13.92941176470588,3,29.4%,5.9%,64.7%,0.0%
Hold-out,Z-Score,Logistic Regression,0.7,1,1730.8376573321827,14.729411764705882,3,17.6%,5.9%,64.7%,11.8%
Hold-out,MinMax,Logistic Regression,0.7,1,1732.7413767695036,14.494117647058822,3,23.5%,5.9%,58.8%,11.8%
Hold-out,MinMax,XGBoost,0.6,1,1733.8725684762237,16.105555555555558,2,27.8%,16.7%,55.6%,0.0%
Hold-out,Z-Score,XGBoost,0.6,1,1733.8725684762237,16.105555555555558,2,27.8%,16.7%,55.6%,0.0%
K-Fold (5),Z-Score,LightGBM,0.8,3,1734.4998000897435,10.585714285714285,0,25.7%,22.9%,2.9%,48.6%
Hold-out,MinMax,Logistic Regression,0.5,3,1738.059770295381,13.452941176470588,3,35.3%,11.8%,47.1%,5.9%
Hold-out,MinMax,LightGBM,0.9,1,1741.2827633545348,11.158823529411766,3,29.4%,17.6%,35.3%,17.6%
Hold-out,Z-Score,XGBoost,0.5,2,1750.6237616070384,13.658823529411764,3,41.2%,11.8%,47.1%,0.0%
Hold-out,MinMax,XGBoost,0.5,2,1750.6237616070384,13.658823529411764,3,41.2%,11.8%,47.1%,0.0%
Hold-out,Z-Score,XGBoost,0.9,1,1751.8433214910742,11.023529411764704,3,35.3%,17.6%,29.4%,17.6%
Hold-out,MinMax,XGBoost,0.9,1,1751.8433214910742,11.023529411764704,3,35.3%,17.6%,29.4%,17.6%
K-Fold (5),MinMax,XGBoost,0.85,2,1753.3266255121334,11.545714285714283,0,20.0%,20.0%,5.7%,54.3%
K-Fold (5),Z-Score,XGBoost,0.85,2,1753.3266255121334,11.545714285714283,0,20.0%,20.0%,5.7%,54.3%
Hold-out,MinMax,Logistic Regression,0.6,3,1759.5107496675253,12.105882352941178,3,41.2%,0.0%,29.4%,29.4%
Hold-out,Z-Score,LightGBM,0.9,1,1773.1076340158456,11.617647058823529,3,29.4%,17.6%,35.3%,17.6%
Hold-out,Z-Score,Gradient Boosting,0.85,1,1782.2322913880917,11.341176470588236,3,41.2%,17.6%,35.3%,5.9%
Hold-out,MinMax,Gradient Boosting,0.85,1,1782.2322913880917,11.341176470588236,3,41.2%,17.6%,35.3%,5.9%
Hold-out,Z-Score,Logistic Regression,0.5,5,1783.4125922722592,12.623529411764707,3,41.2%,5.9%,35.3%,17.6%
Hold-out,MinMax,Logistic Regression,0.5,5,1795.378668767837,13.047058823529412,3,41.2%,5.9%,35.3%,17.6%
K-Fold (5),MinMax,LightGBM,0.8,3,1801.185696529648,10.362857142857141,0,25.7%,28.6%,2.9%,42.9%
K-Fold (5),MinMax,Logistic Regression,0.85,2,1812.273248298952,12.417142857142858,0,20.0%,20.0%,14.3%,45.7%
Hold-out,Z-Score,Logistic Regression,0.6,1,1821.9920637034509,16.5,3,29.4%,5.9%,64.7%,0.0%
K-Fold (5),Z-Score,Logistic Regression,0.85,2,1823.2889184751741,12.277142857142856,0,22.9%,20.0%,11.4%,45.7%
Hold-out,Z-Score,XGBoost,0.85,1,1832.815589465352,12.247058823529413,3,29.4%,17.6%,35.3%,17.6%
Hold-out,MinMax,XGBoost,0.85,1,1832.815589465352,12.247058823529413,3,29.4%,17.6%,35.3%,17.6%
K-Fold (5),MinMax,Logistic Regression,0.75,1,1869.2797273538467,16.062857142857148,0,22.9%,8.6%,37.1%,31.4%
K-Fold (5),MinMax,Gradient Boosting,0.85,1,1941.4994519914542,12.405714285714287,0,28.6%,17.1%,25.7%,28.6%
K-Fold (5),Z-Score,Gradient Boosting,0.85,1,1941.4994519914542,12.405714285714287,0,28.6%,17.1%,25.7%,28.6%
K-Fold (5),Z-Score,Logistic Regression,0.75,1,1966.9370401565245,15.980000000000002,0,22.9%,11.4%,37.1%,28.6%
Hold-out,MinMax,LightGBM,0.6,1,1970.7877663636982,16.39,0,40.0%,10.0%,50.0%,0.0%
Hold-out,Z-Score,LightGBM,0.5,5,1975.3466781282748,10.511764705882353,3,52.9%,17.6%,17.6%,11.8%
Hold-out,MinMax,LightGBM,0.5,5,1983.8338166895717,10.335294117647058,3,52.9%,17.6%,17.6%,11.8%
Hold-out,MinMax,LightGBM,0.5,3,1990.2501405696926,12.970588235294118,3,47.1%,11.8%,35.3%,5.9%
K-Fold (5),MinMax,Gradient Boosting,0.85,2,2043.6351374824985,11.428571428571427,0,25.7%,20.0%,5.7%,48.6%
K-Fold (5),Z-Score,Gradient Boosting,0.85,2,2043.6351374824985,11.428571428571427,0,25.7%,20.0%,5.7%,48.6%
Hold-out,Z-Score,Gradient Boosting,0.7,3,2085.3125383317506,8.531250000000002,4,31.2%,31.2%,37.5%,0.0%
Hold-out,MinMax,Gradient Boosting,0.7,3,2085.3125383317506,8.531250000000002,4,31.2%,31.2%,37.5%,0.0%
Hold-out,Z-Score,Logistic Regression,0.9,1,2085.316901290475,6.187500000000001,4,56.2%,25.0%,6.2%,12.5%
Hold-out,Z-Score,LightGBM,0.6,1,2088.856472318339,18.025,0,30.0%,10.0%,60.0%,0.0%
K-Fold (5),Z-Score,Gradient Boosting,0.8,3,2091.55657063552,11.14,0,20.0%,25.7%,2.9%,51.4%
K-Fold (5),MinMax,Gradient Boosting,0.8,3,2091.55657063552,11.14,0,20.0%,25.7%,2.9%,51.4%
Hold-out,Z-Score,Gradient Boosting,0.7,2,2097.9562952247225,9.50625,4,31.2%,25.0%,43.8%,0.0%
Hold-out,MinMax,Gradient Boosting,0.7,2,2097.9562952247225,9.50625,4,31.2%,25.0%,43.8%,0.0%
Hold-out,MinMax,Logistic Regression,0.9,1,2100.358625585046,7.2562500000000005,4,50.0%,25.0%,12.5%,12.5%
Hold-out,MinMax,XGBoost,0.6,3,2100.7588672277384,8.85625,4,37.5%,25.0%,37.5%,0.0%
Hold-out,Z-Score,XGBoost,0.6,3,2100.7588672277384,8.85625,4,37.5%,25.0%,37.5%,0.0%
Hold-out,Z-Score,XGBoost,0.5,3,2117.398467751365,9.53125,4,56.2%,6.2%,37.5%,0.0%
Hold-out,MinMax,XGBoost,0.5,3,2117.398467751365,9.53125,4,56.2%,6.2%,37.5%,0.0%
Hold-out,Z-Score,Gradient Boosting,0.75,2,2123.3598891677657,8.475,4,37.5%,25.0%,31.2%,6.2%
Hold-out,MinMax,Gradient Boosting,0.75,2,2123.3598891677657,8.475,4,37.5%,25.0%,31.2%,6.2%
Hold-out,MinMax,LightGBM,0.85,2,2127.212254093831,8.575,4,37.5%,31.2%,18.8%,12.5%
Hold-out,Z-Score,Gradient Boosting,0.6,3,2127.7713546055584,9.53125,4,43.8%,18.8%,37.5%,0.0%
Hold-out,MinMax,Gradient Boosting,0.6,3,2127.7713546055584,9.53125,4,43.8%,18.8%,37.5%,0.0%
Hold-out,Z-Score,Logistic Regression,0.85,1,2129.0368320351645,9.443750000000001,4,50.0%,6.2%,31.2%,12.5%
Hold-out,MinMax,Logistic Regression,0.85,1,2132.225928905759,9.8375,4,43.8%,6.2%,37.5%,12.5%
Hold-out,MinMax,XGBoost,0.75,2,2132.995985409545,8.943749999999998,4,37.5%,18.8%,31.2%,12.5%
Hold-out,Z-Score,XGBoost,0.75,2,2132.995985409545,8.943749999999998,4,37.5%,18.8%,31.2%,12.5%
Hold-out,Z-Score,Logistic Regression,0.8,1,2135.3666730768177,10.400000000000002,4,50.0%,0.0%,37.5%,12.5%
Hold-out,MinMax,LightGBM,0.8,2,2137.6286126961204,8.6375,4,37.5%,25.0%,25.0%,12.5%
Hold-out,MinMax,LightGBM,0.8,3,2137.761002389698,8.593750000000002,4,37.5%,31.2%,18.8%,12.5%
Hold-out,Z-Score,XGBoost,0.75,3,2140.9198171014946,9.0,4,37.5%,25.0%,25.0%,12.5%
Hold-out,MinMax,XGBoost,0.75,3,2140.9198171014946,9.0,4,37.5%,25.0%,25.0%,12.5%
Hold-out,Z-Score,Gradient Boosting,0.6,5,2141.0217198039563,8.087499999999999,4,37.5%,31.2%,18.8%,12.5%
Hold-out,MinMax,Gradient Boosting,0.6,5,2141.0217198039563,8.087499999999999,4,37.5%,31.2%,18.8%,12.5%
Hold-out,Z-Score,Random Forest,0.5,5,2141.407252495167,13.38823529411765,3,35.3%,11.8%,35.3%,17.6%
Hold-out,MinMax,Logistic Regression,0.8,1,2142.1758347960235,10.39375,4,50.0%,0.0%,37.5%,12.5%
Hold-out,MinMax,Logistic Regression,0.75,1,2143.2021704502145,11.2625,4,50.0%,6.2%,37.5%,6.2%
Hold-out,MinMax,XGBoost,0.6,5,2144.141614994746,8.043749999999998,4,50.0%,18.8%,18.8%,12.5%
Hold-out,Z-Score,XGBoost,0.6,5,2144.141614994746,8.043749999999998,4,50.0%,18.8%,18.8%,12.5%
Hold-out,Z-Score,XGBoost,0.7,3,2145.3004842324885,9.16875,4,31.2%,25.0%,31.2%,12.5%
Hold-out,MinMax,XGBoost,0.7,3,2145.3004842324885,9.16875,4,31.2%,25.0%,31.2%,12.5%
Hold-out,Z-Score,LightGBM,0.8,2,2145.5814662231633,8.818749999999998,4,37.5%,25.0%,25.0%,12.5%
Hold-out,Z-Score,LightGBM,0.75,3,2147.4156808674434,9.1625,4,43.8%,18.8%,25.0%,12.5%
Hold-out,Z-Score,LightGBM,0.7,3,2148.8694361523444,9.08125,4,43.8%,18.8%,25.0%,12.5%
Hold-out,MinMax,LightGBM,0.75,3,2149.901366651464,8.875,4,37.5%,25.0%,25.0%,12.5%
Hold-out,MinMax,Gradient Boosting,0.5,10,2150.7396838350014,7.756250000000001,4,37.5%,31.2%,18.8%,12.5%
Hold-out,Z-Score,Gradient Boosting,0.5,10,2150.7396838350014,7.756250000000001,4,37.5%,31.2%,18.8%,12.5%
Hold-out,MinMax,LightGBM,0.75,2,2156.8968211791057,9.662499999999998,4,37.5%,18.8%,31.2%,12.5%
Hold-out,Z-Score,LightGBM,0.75,2,2158.0033283723747,9.249999999999998,4,43.8%,18.8%,25.0%,12.5%
Hold-out,Z-Score,XGBoost,0.7,2,2159.8006572641307,10.881249999999998,4,31.2%,12.5%,43.8%,12.5%
Hold-out,MinMax,XGBoost,0.7,2,2159.8006572641307,10.881249999999998,4,31.2%,12.5%,43.8%,12.5%
Hold-out,MinMax,Gradient Boosting,0.75,3,2161.792821840706,8.850000000000001,4,37.5%,18.8%,31.2%,12.5%
Hold-out,Z-Score,Gradient Boosting,0.75,3,2161.792821840706,8.850000000000001,4,37.5%,18.8%,31.2%,12.5%
Hold-out,MinMax,Logistic Regression,0.75,2,2162.430149246337,8.84375,4,50.0%,6.2%,25.0%,18.8%
Hold-out,MinMax,Gradient Boosting,0.9,1,2166.7732028815694,7.9437500000000005,4,56.2%,18.8%,18.8%,6.2%
Hold-out,Z-Score,Gradient Boosting,0.9,1,2166.7732028815694,7.9437500000000005,4,56.2%,18.8%,18.8%,6.2%
Hold-out,Z-Score,XGBoost,0.5,10,2167.796614500633,7.80625,4,50.0%,18.8%,18.8%,12.5%
Hold-out,MinMax,XGBoost,0.5,10,2167.796614500633,7.80625,4,50.0%,18.8%,18.8%,12.5%
Hold-out,MinMax,XGBoost,0.5,5,2172.9763042711493,9.706249999999999,4,43.8%,18.8%,25.0%,12.5%
Hold-out,Z-Score,XGBoost,0.5,5,2172.9763042711493,9.706249999999999,4,43.8%,18.8%,25.0%,12.5%
Hold-out,MinMax,LightGBM,0.7,3,2174.823947277264,9.98125,4,37.5%,18.8%,31.2%,12.5%
Hold-out,Z-Score,LightGBM,0.8,3,2176.2749890378477,9.325000000000001,4,31.2%,31.2%,25.0%,12.5%
Hold-out,Z-Score,Logistic Regression,0.75,3,2178.0430064653738,9.15625,4,43.8%,12.5%,18.8%,25.0%
Hold-out,Z-Score,Logistic Regression,0.6,5,2182.5562679896107,10.875,4,37.5%,12.5%,31.2%,18.8%
Hold-out,Z-Score,LightGBM,0.5,10,2184.886526386264,8.0625,4,37.5%,31.2%,18.8%,12.5%
Hold-out,MinMax,Gradient Boosting,0.7,5,2187.0293459447926,8.275,4,31.2%,31.2%,18.8%,18.8%
Hold-out,Z-Score,Gradient Boosting,0.7,5,2187.0293459447926,8.275,4,31.2%,31.2%,18.8%,18.8%
Hold-out,MinMax,Gradient Boosting,0.6,2,2187.8638235232756,12.849999999999998,4,43.8%,6.2%,50.0%,0.0%
Hold-out,Z-Score,Gradient Boosting,0.6,2,2187.8638235232756,12.849999999999998,4,43.8%,6.2%,50.0%,0.0%
Hold-out,Z-Score,Logistic Regression,0.7,3,2189.5883902956753,10.193749999999998,4,37.5%,12.5%,25.0%,25.0%
Hold-out,MinMax,Logistic Regression,0.7,3,2189.688500483622,10.21875,4,37.5%,12.5%,25.0%,25.0%
Hold-out,MinMax,Logistic Regression,0.7,5,2190.0451009918233,9.825,4,43.8%,12.5%,18.8%,25.0%
Hold-out,Z-Score,Logistic Regression,0.7,5,2190.798296897183,9.64375,4,43.8%,12.5%,18.8%,25.0%
K-Fold (5),MinMax,Logistic Regression,0.75,3,2195.1284415051173,12.620000000000001,0,25.7%,22.9%,14.3%,37.1%
Hold-out,Z-Score,Logistic Regression,0.75,5,2196.141228717335,9.212499999999999,4,37.5%,12.5%,18.8%,31.2%
Hold-out,MinMax,Logistic Regression,0.6,5,2198.6384229547252,10.931249999999999,4,43.8%,0.0%,31.2%,25.0%
Hold-out,Z-Score,Logistic Regression,0.8,2,2202.2075520182625,9.125,4,37.5%,18.8%,18.8%,25.0%
Hold-out,MinMax,Logistic Regression,0.8,2,2202.4431640926723,9.274999999999999,4,37.5%,18.8%,18.8%,25.0%
Hold-out,MinMax,LightGBM,0.5,10,2205.0224253810175,8.112499999999999,4,31.2%,37.5%,18.8%,12.5%
Hold-out,Z-Score,Logistic Regression,0.5,10,2207.262776592707,11.443749999999998,4,43.8%,0.0%,31.2%,25.0%
Hold-out,Z-Score,Gradient Boosting,0.6,10,2209.3335486373007,8.081249999999997,4,31.2%,31.2%,18.8%,18.8%
Hold-out,MinMax,Gradient Boosting,0.6,10,2209.3335486373007,8.081249999999997,4,31.2%,31.2%,18.8%,18.8%
Hold-out,MinMax,Logistic Regression,0.5,10,2220.244988760737,11.606250000000001,4,37.5%,6.2%,31.2%,25.0%
Hold-out,Z-Score,XGBoost,0.7,5,2223.5788210070605,8.456249999999999,4,37.5%,25.0%,18.8%,18.8%
Hold-out,MinMax,XGBoost,0.7,5,2223.5788210070605,8.456249999999999,4,37.5%,25.0%,18.8%,18.8%
Hold-out,MinMax,LightGBM,0.6,10,2228.936976055764,8.1,4,31.2%,37.5%,18.8%,12.5%
Hold-out,Z-Score,LightGBM,0.6,10,2229.6019960115846,8.1375,4,31.2%,37.5%,18.8%,12.5%
Hold-out,MinMax,LightGBM,0.7,5,2230.1077672327015,9.299999999999999,4,43.8%,18.8%,18.8%,18.8%
Hold-out,Z-Score,XGBoost,0.6,10,2230.476915523182,8.84375,4,31.2%,31.2%,18.8%,18.8%
Hold-out,MinMax,XGBoost,0.6,10,2230.476915523182,8.84375,4,31.2%,31.2%,18.8%,18.8%
Hold-out,MinMax,LightGBM,0.75,5,2231.691415630662,9.09375,4,31.2%,31.2%,18.8%,18.8%
Hold-out,Z-Score,LightGBM,0.7,5,2234.665979704704,8.756249999999998,4,37.5%,25.0%,18.8%,18.8%
Hold-out,Z-Score,Gradient Boosting,0.7,10,2238.0794118940657,7.574999999999998,4,43.8%,31.2%,6.2%,18.8%
Hold-out,MinMax,Gradient Boosting,0.7,10,2238.0794118940657,7.574999999999998,4,43.8%,31.2%,6.2%,18.8%
Hold-out,Z-Score,LightGBM,0.75,5,2256.461910091447,9.462499999999999,4,31.2%,31.2%,18.8%,18.8%
Hold-out,Z-Score,Logistic Regression,0.6,10,2256.723982675361,10.09375,4,43.8%,12.5%,18.8%,25.0%
Hold-out,MinMax,Logistic Regression,0.5,2,2271.330894263436,16.094117647058823,3,29.4%,5.9%,64.7%,0.0%
Hold-out,MinMax,Logistic Regression,0.6,1,2291.513819596359,17.27058823529412,3,23.5%,11.8%,64.7%,0.0%
Hold-out,MinMax,XGBoost,0.7,10,2299.155981419977,8.65625,4,37.5%,31.2%,6.2%,25.0%
Hold-out,Z-Score,XGBoost,0.7,10,2299.155981419977,8.65625,4,37.5%,31.2%,6.2%,25.0%
Hold-out,Z-Score,LightGBM,0.8,5,2324.4000877019203,9.4375,4,31.2%,31.2%,18.8%,18.8%
Hold-out,MinMax,LightGBM,0.8,5,2325.177845938159,9.4375,4,31.2%,31.2%,18.8%,18.8%
K-Fold (5),MinMax,LightGBM,0.85,3,2330.0939370544097,11.382857142857143,0,20.0%,28.6%,0.0%,51.4%
K-Fold (5),Z-Score,LightGBM,0.85,3,2344.7336099127774,11.56,0,22.9%,22.9%,0.0%,54.3%
K-Fold (5),Z-Score,Random Forest,0.75,3,2360.2337647475524,15.01764705882353,1,14.7%,17.6%,32.4%,35.3%
K-Fold (5),MinMax,Random Forest,0.75,3,2365.719414829143,15.000000000000002,1,14.7%,17.6%,32.4%,35.3%
K-Fold (5),Z-Score,XGBoost,0.8,3,2374.65643863664,11.748571428571429,0,20.0%,17.1%,2.9%,60.0%
K-Fold (5),MinMax,XGBoost,0.8,3,2374.65643863664,11.748571428571429,0,20.0%,17.1%,2.9%,60.0%
Hold-out,Z-Score,LightGBM,0.5,2,2397.611804304339,15.822222222222223,2,27.8%,16.7%,55.6%,0.0%
K-Fold (5),Z-Score,Random Forest,0.9,2,2417.9341499671627,14.369696969696971,2,15.2%,24.2%,33.3%,27.3%
Hold-out,MinMax,LightGBM,0.7,2,2442.950671523572,11.662499999999998,4,37.5%,18.8%,37.5%,6.2%
K-Fold (5),MinMax,Random Forest,0.9,2,2456.2287235384283,14.003030303030304,2,15.2%,27.3%,30.3%,27.3%
Hold-out,Z-Score,LightGBM,0.6,3,2458.375450324509,11.543750000000001,4,50.0%,12.5%,31.2%,6.2%
Hold-out,MinMax,LightGBM,0.6,3,2462.315100754346,11.043750000000001,4,50.0%,12.5%,31.2%,6.2%
Hold-out,Z-Score,Gradient Boosting,0.8,1,2473.994888749201,11.78888888888889,2,44.4%,22.2%,33.3%,0.0%
Hold-out,MinMax,Gradient Boosting,0.8,1,2473.994888749201,11.78888888888889,2,44.4%,22.2%,33.3%,0.0%
Hold-out,Z-Score,Random Forest,0.7,5,2477.597781985848,10.487499999999999,4,43.8%,25.0%,18.8%,12.5%
Hold-out,MinMax,LightGBM,0.6,5,2505.4269395991832,10.35,4,50.0%,18.8%,18.8%,12.5%
Hold-out,Z-Score,LightGBM,0.6,5,2505.5651434724773,10.437499999999998,4,50.0%,18.8%,18.8%,12.5%
K-Fold (5),MinMax,Random Forest,0.7,3,2509.557141485709,15.571428571428575,0,14.3%,20.0%,31.4%,34.3%
Hold-out,MinMax,Random Forest,0.6,5,2509.6349839397026,12.274999999999999,4,43.8%,12.5%,31.2%,12.5%
Hold-out,Z-Score,Random Forest,0.6,5,2510.1599123907336,12.41875,4,37.5%,18.8%,31.2%,12.5%
Hold-out,MinMax,Gradient Boosting,0.75,1,2527.716978710452,13.372222222222224,2,38.9%,22.2%,38.9%,0.0%
Hold-out,Z-Score,Gradient Boosting,0.75,1,2527.716978710452,13.372222222222224,2,38.9%,22.2%,38.9%,0.0%
Hold-out,Z-Score,Random Forest,0.85,2,2557.562700353964,13.59375,4,43.8%,12.5%,37.5%,6.2%
Hold-out,MinMax,Random Forest,0.5,5,2559.0537802742665,13.2375,4,37.5%,12.5%,37.5%,12.5%
K-Fold (5),Z-Score,LightGBM,0.85,1,2592.0255663120547,11.514285714285714,0,22.9%,31.4%,28.6%,17.1%
K-Fold (5),Z-Score,XGBoost,0.9,2,2592.4463323550044,12.67142857142857,0,14.3%,22.9%,2.9%,60.0%
K-Fold (5),MinMax,XGBoost,0.9,2,2592.4463323550044,12.67142857142857,0,14.3%,22.9%,2.9%,60.0%
K-Fold (5),Z-Score,Random Forest,0.7,3,2598.7572561392844,15.574285714285715,0,17.1%,17.1%,31.4%,34.3%
K-Fold (5),Z-Score,LightGBM,0.9,2,2604.0559813490045,11.465714285714288,0,22.9%,22.9%,0.0%,54.3%
Hold-out,Z-Score,Random Forest,0.75,3,2612.1588802504957,12.8125,4,50.0%,6.2%,31.2%,12.5%
Hold-out,Z-Score,Gradient Boosting,0.85,2,2614.45225683059,6.28,5,46.7%,20.0%,20.0%,13.3%
Hold-out,MinMax,Gradient Boosting,0.85,2,2614.45225683059,6.28,5,46.7%,20.0%,20.0%,13.3%
Hold-out,MinMax,Random Forest,0.75,5,2615.703332904612,8.186666666666666,5,40.0%,33.3%,20.0%,6.7%
Hold-out,Z-Score,Random Forest,0.8,5,2615.857379994313,8.186666666666666,5,40.0%,33.3%,20.0%,6.7%
Hold-out,Z-Score,LightGBM,0.85,2,2628.885752534129,8.693333333333332,5,40.0%,26.7%,20.0%,13.3%
Hold-out,Z-Score,Gradient Boosting,0.8,3,2629.4703781943117,7.413333333333333,5,40.0%,26.7%,20.0%,13.3%
Hold-out,MinMax,Gradient Boosting,0.8,3,2629.4703781943117,7.413333333333333,5,40.0%,26.7%,20.0%,13.3%
Hold-out,Z-Score,Gradient Boosting,0.9,2,2634.976713993098,5.5200000000000005,5,40.0%,40.0%,6.7%,13.3%
Hold-out,MinMax,Gradient Boosting,0.9,2,2634.976713993098,5.5200000000000005,5,40.0%,40.0%,6.7%,13.3%
Hold-out,MinMax,Random Forest,0.5,10,2638.9622670700624,8.786666666666665,5,40.0%,26.7%,26.7%,6.7%
Hold-out,Z-Score,Random Forest,0.5,10,2638.9622670700624,8.786666666666665,5,40.0%,26.7%,26.7%,6.7%
Hold-out,MinMax,Gradient Boosting,0.85,3,2639.712037118553,6.093333333333333,5,53.3%,26.7%,6.7%,13.3%
Hold-out,Z-Score,Gradient Boosting,0.85,3,2639.712037118553,6.093333333333333,5,53.3%,26.7%,6.7%,13.3%
Hold-out,Z-Score,Logistic Regression,0.85,2,2640.286806855895,7.613333333333334,5,33.3%,26.7%,20.0%,20.0%
Hold-out,MinMax,Logistic Regression,0.85,2,2640.8161040838495,7.826666666666669,5,33.3%,26.7%,20.0%,20.0%
Hold-out,Z-Score,Gradient Boosting,0.8,2,2643.9986114342532,8.733333333333333,5,40.0%,13.3%,33.3%,13.3%
Hold-out,MinMax,Gradient Boosting,0.8,2,2643.9986114342532,8.733333333333333,5,40.0%,13.3%,33.3%,13.3%
Hold-out,Z-Score,XGBoost,0.9,2,2649.5082630396078,8.193333333333332,5,26.7%,40.0%,13.3%,20.0%
Hold-out,MinMax,XGBoost,0.9,2,2649.5082630396078,8.193333333333332,5,26.7%,40.0%,13.3%,20.0%
Hold-out,MinMax,Logistic Regression,0.75,3,2650.8326947133964,8.913333333333332,5,46.7%,13.3%,20.0%,20.0%
Hold-out,Z-Score,LightGBM,0.85,3,2658.774415038993,8.866666666666667,5,40.0%,26.7%,20.0%,13.3%
Hold-out,Z-Score,Logistic Regression,0.8,3,2664.322250029818,8.806666666666668,5,40.0%,13.3%,20.0%,26.7%
Hold-out,Z-Score,Logistic Regression,0.9,2,2665.0456062343596,6.033333333333335,5,40.0%,33.3%,0.0%,26.7%
Hold-out,MinMax,Logistic Regression,0.9,2,2665.1342767462183,6.126666666666667,5,40.0%,33.3%,0.0%,26.7%
Hold-out,MinMax,XGBoost,0.85,2,2665.2783318445026,9.520000000000001,5,33.3%,20.0%,26.7%,20.0%
Hold-out,Z-Score,XGBoost,0.85,2,2665.2783318445026,9.520000000000001,5,33.3%,20.0%,26.7%,20.0%
Hold-out,MinMax,Logistic Regression,0.75,5,2667.4142523107853,9.0,5,40.0%,13.3%,20.0%,26.7%
Hold-out,MinMax,Logistic Regression,0.8,3,2669.0999018721222,8.913333333333332,5,40.0%,13.3%,20.0%,26.7%
Hold-out,Z-Score,LightGBM,0.7,10,2669.976845755217,9.106666666666666,5,33.3%,33.3%,20.0%,13.3%
Hold-out,MinMax,XGBoost,0.9,3,2675.2920727896426,8.173333333333336,5,33.3%,40.0%,6.7%,20.0%
Hold-out,Z-Score,XGBoost,0.9,3,2675.2920727896426,8.173333333333336,5,33.3%,40.0%,6.7%,20.0%
Hold-out,MinMax,XGBoost,0.8,2,2680.5391048302677,9.940000000000001,5,33.3%,13.3%,33.3%,20.0%
Hold-out,Z-Score,XGBoost,0.8,2,2680.5391048302677,9.940000000000001,5,33.3%,13.3%,33.3%,20.0%
Hold-out,Z-Score,Logistic Regression,0.85,3,2680.918080254804,7.1000000000000005,5,26.7%,33.3%,13.3%,26.7%
Hold-out,MinMax,LightGBM,0.7,10,2681.055217034687,8.946666666666665,5,33.3%,33.3%,20.0%,13.3%
Hold-out,Z-Score,Gradient Boosting,0.8,5,2683.367985629719,7.033333333333333,5,40.0%,33.3%,6.7%,20.0%
Hold-out,MinMax,Gradient Boosting,0.8,5,2683.367985629719,7.033333333333333,5,40.0%,33.3%,6.7%,20.0%
K-Fold (5),Z-Score,LightGBM,0.8,1,2684.3706780104926,14.517142857142858,0,20.0%,20.0%,42.9%,17.1%
Hold-out,Z-Score,XGBoost,0.85,3,2685.447765483717,8.92,5,46.7%,20.0%,13.3%,20.0%
Hold-out,MinMax,XGBoost,0.85,3,2685.447765483717,8.92,5,46.7%,20.0%,13.3%,20.0%
K-Fold (5),Z-Score,XGBoost,0.6,5,2689.5909486553637,11.474285714285715,0,25.7%,20.0%,8.6%,45.7%
K-Fold (5),MinMax,XGBoost,0.6,5,2689.5909486553637,11.474285714285715,0,25.7%,20.0%,8.6%,45.7%
Hold-out,MinMax,Logistic Regression,0.85,3,2699.840972015287,8.34,5,20.0%,33.3%,20.0%,26.7%
Hold-out,Z-Score,Logistic Regression,0.8,5,2703.237715859727,9.020000000000001,5,33.3%,20.0%,20.0%,26.7%
Hold-out,MinMax,Gradient Boosting,0.75,5,2704.684354494012,8.3,5,33.3%,26.7%,20.0%,20.0%
Hold-out,Z-Score,Gradient Boosting,0.75,5,2704.684354494012,8.3,5,33.3%,26.7%,20.0%,20.0%
K-Fold (5),MinMax,Logistic Regression,0.8,3,2706.864964300689,12.514285714285714,0,17.1%,25.7%,14.3%,42.9%
Hold-out,MinMax,Logistic Regression,0.8,5,2706.894043594924,9.093333333333334,5,33.3%,20.0%,20.0%,26.7%
Hold-out,Z-Score,Gradient Boosting,0.85,5,2707.9756000463535,6.919999999999999,5,40.0%,33.3%,0.0%,26.7%
Hold-out,MinMax,Gradient Boosting,0.85,5,2707.9756000463535,6.919999999999999,5,40.0%,33.3%,0.0%,26.7%
Hold-out,MinMax,Gradient Boosting,0.9,3,2709.4482167568135,6.9399999999999995,5,40.0%,33.3%,0.0%,26.7%
Hold-out,Z-Score,Gradient Boosting,0.9,3,2709.4482167568135,6.9399999999999995,5,40.0%,33.3%,0.0%,26.7%
Hold-out,Z-Score,XGBoost,0.8,3,2710.171157684153,10.133333333333333,5,33.3%,20.0%,26.7%,20.0%
Hold-out,MinMax,XGBoost,0.8,3,2710.171157684153,10.133333333333333,5,33.3%,20.0%,26.7%,20.0%
Hold-out,Z-Score,Logistic Regression,0.85,5,2712.066432760624,6.480000000000001,5,33.3%,40.0%,0.0%,26.7%
Hold-out,Z-Score,XGBoost,0.85,5,2732.278721785797,8.873333333333331,5,33.3%,33.3%,13.3%,20.0%
Hold-out,MinMax,XGBoost,0.85,5,2732.278721785797,8.873333333333331,5,33.3%,33.3%,13.3%,20.0%
Hold-out,MinMax,LightGBM,0.9,2,2732.3061824457427,9.373333333333333,5,33.3%,26.7%,20.0%,20.0%
Hold-out,Z-Score,LightGBM,0.9,2,2732.3763369482585,9.433333333333334,5,33.3%,26.7%,20.0%,20.0%
Hold-out,Z-Score,XGBoost,0.8,5,2738.3689742359556,9.08,5,40.0%,26.7%,13.3%,20.0%
Hold-out,MinMax,XGBoost,0.8,5,2738.3689742359556,9.08,5,40.0%,26.7%,13.3%,20.0%
Hold-out,MinMax,Logistic Regression,0.6,10,2740.1544786932373,10.306666666666668,5,46.7%,13.3%,20.0%,20.0%
Hold-out,MinMax,Logistic Regression,0.7,10,2743.603814076957,9.513333333333332,5,40.0%,13.3%,20.0%,26.7%
Hold-out,Z-Score,Logistic Regression,0.7,10,2744.871105477599,9.533333333333333,5,40.0%,13.3%,20.0%,26.7%
Hold-out,MinMax,LightGBM,0.85,3,2746.378941606356,9.666666666666666,5,40.0%,20.0%,20.0%,20.0%
Hold-out,MinMax,XGBoost,0.75,5,2747.1059764581883,9.053333333333333,5,33.3%,26.7%,20.0%,20.0%
Hold-out,Z-Score,XGBoost,0.75,5,2747.1059764581883,9.053333333333333,5,33.3%,26.7%,20.0%,20.0%
Hold-out,Z-Score,Logistic Regression,0.9,3,2747.3114163422047,7.513333333333336,5,33.3%,33.3%,0.0%,33.3%
Hold-out,MinMax,Logistic Regression,0.85,5,2755.5443638011866,7.5933333333333355,5,20.0%,40.0%,6.7%,33.3%
Hold-out,Z-Score,Logistic Regression,0.75,10,2771.483935950484,9.2,5,33.3%,20.0%,20.0%,26.7%
Hold-out,MinMax,Logistic Regression,0.75,10,2783.855767730101,9.359999999999998,5,33.3%,20.0%,20.0%,26.7%
Hold-out,MinMax,Logistic Regression,0.5,1,2806.33865336181,21.49473684210526,1,15.8%,10.5%,73.7%,0.0%
Hold-out,MinMax,XGBoost,0.75,10,2816.5801581201627,8.926666666666666,5,40.0%,26.7%,6.7%,26.7%
Hold-out,Z-Score,XGBoost,0.75,10,2816.5801581201627,8.926666666666666,5,40.0%,26.7%,6.7%,26.7%
Hold-out,MinMax,LightGBM,0.85,5,2819.430319866567,9.626666666666665,5,40.0%,26.7%,13.3%,20.0%
K-Fold (5),Z-Score,Random Forest,0.8,3,2836.994375964374,15.467647058823532,1,14.7%,14.7%,32.4%,38.2%
Hold-out,Z-Score,Gradient Boosting,0.7,1,2876.791088520975,15.444444444444445,2,27.8%,22.2%,50.0%,0.0%
Hold-out,MinMax,Gradient Boosting,0.7,1,2876.791088520975,15.444444444444445,2,27.8%,22.2%,50.0%,0.0%
K-Fold (5),Z-Score,XGBoost,0.85,3,2908.6980876382327,12.997142857142856,0,17.1%,17.1%,2.9%,62.9%
K-Fold (5),MinMax,XGBoost,0.85,3,2908.6980876382327,12.997142857142856,0,17.1%,17.1%,2.9%,62.9%
Hold-out,Z-Score,Random Forest,0.75,5,2913.539720877939,9.8,5,40.0%,33.3%,20.0%,6.7%
Hold-out,MinMax,Random Forest,0.7,5,2916.4814068873357,10.053333333333335,5,40.0%,33.3%,20.0%,6.7%
Hold-out,Z-Score,LightGBM,0.9,3,2925.412240262535,9.540000000000001,5,33.3%,33.3%,13.3%,20.0%
K-Fold (5),Z-Score,Gradient Boosting,0.8,1,2943.005642445161,13.982857142857142,0,22.9%,17.1%,37.1%,22.9%
K-Fold (5),MinMax,Gradient Boosting,0.8,1,2943.005642445161,13.982857142857142,0,22.9%,17.1%,37.1%,22.9%
K-Fold (5),Z-Score,Gradient Boosting,0.85,3,2953.685324534794,12.139999999999999,0,17.1%,20.0%,2.9%,60.0%
K-Fold (5),MinMax,Gradient Boosting,0.85,3,2953.685324534794,12.139999999999999,0,17.1%,20.0%,2.9%,60.0%
Hold-out,Z-Score,Random Forest,0.85,3,2968.131457516337,12.14666666666667,5,33.3%,26.7%,33.3%,6.7%
Hold-out,MinMax,Random Forest,0.85,3,2968.6424600518408,12.333333333333337,5,40.0%,20.0%,33.3%,6.7%
Hold-out,Z-Score,Random Forest,0.9,2,2971.1191881264353,11.886666666666667,5,40.0%,20.0%,33.3%,6.7%
K-Fold (5),Z-Score,Gradient Boosting,0.9,2,3028.4959968562152,11.9,0,20.0%,20.0%,2.9%,57.1%
K-Fold (5),MinMax,Gradient Boosting,0.9,2,3028.4959968562152,11.9,0,20.0%,20.0%,2.9%,57.1%
K-Fold (5),Z-Score,XGBoost,0.9,1,3036.147811162801,11.917142857142858,0,22.9%,28.6%,14.3%,34.3%
K-Fold (5),MinMax,XGBoost,0.9,1,3036.147811162801,11.917142857142858,0,22.9%,28.6%,14.3%,34.3%
Hold-out,MinMax,Random Forest,0.8,3,3041.987029605056,12.240000000000002,5,46.7%,13.3%,33.3%,6.7%
K-Fold (5),MinMax,Random Forest,0.85,3,3042.144317209152,15.296969696969697,2,3.0%,21.2%,30.3%,45.5%
Hold-out,Z-Score,Random Forest,0.8,3,3042.2459926512306,12.42666666666667,5,46.7%,13.3%,33.3%,6.7%
Hold-out,MinMax,Random Forest,0.75,3,3044.405102036715,12.4,5,53.3%,6.7%,33.3%,6.7%
Hold-out,MinMax,Random Forest,0.6,10,3047.9560395229987,7.714285714285714,6,42.9%,35.7%,21.4%,0.0%
Hold-out,MinMax,Random Forest,0.9,2,3054.155593419866,12.82,5,46.7%,13.3%,33.3%,6.7%
Hold-out,MinMax,Random Forest,0.85,2,3057.212841546388,14.300000000000002,5,46.7%,6.7%,40.0%,6.7%
K-Fold (5),Z-Score,Random Forest,0.85,3,3061.0285125363607,15.32727272727273,2,6.1%,21.2%,30.3%,42.4%
Hold-out,MinMax,LightGBM,0.75,10,3102.2911347442605,6.942857142857141,6,42.9%,35.7%,14.3%,7.1%
Hold-out,MinMax,Random Forest,0.85,5,3111.201179680714,8.157142857142857,6,35.7%,35.7%,21.4%,7.1%
Hold-out,Z-Score,Random Forest,0.85,5,3111.2077377018845,8.157142857142857,6,35.7%,35.7%,21.4%,7.1%
K-Fold (5),MinMax,Random Forest,0.9,3,3113.1743978945924,14.83939393939394,2,3.0%,24.2%,27.3%,45.5%
Hold-out,MinMax,Random Forest,0.8,5,3115.192088799367,8.407142857142857,6,42.9%,28.6%,21.4%,7.1%
K-Fold (5),Z-Score,Random Forest,0.9,3,3143.9338854808047,15.284848484848485,2,3.0%,18.2%,30.3%,48.5%
K-Fold (5),MinMax,Random Forest,0.8,3,3148.9472841102242,15.105882352941178,1,11.8%,20.6%,29.4%,38.2%
Hold-out,Z-Score,LightGBM,0.85,5,3164.521785675619,8.978571428571426,6,42.9%,28.6%,14.3%,14.3%
Hold-out,Z-Score,Gradient Boosting,0.75,10,3175.538034654556,7.699999999999998,6,28.6%,42.9%,7.1%,21.4%
Hold-out,MinMax,Gradient Boosting,0.75,10,3175.538034654556,7.699999999999998,6,28.6%,42.9%,7.1%,21.4%
Hold-out,MinMax,Logistic Regression,0.9,3,3219.540957148226,7.378571428571432,6,35.7%,35.7%,0.0%,28.6%
Hold-out,Z-Score,Logistic Regression,0.8,10,3243.8451811784594,10.178571428571429,6,21.4%,21.4%,21.4%,35.7%
Hold-out,MinMax,Logistic Regression,0.8,10,3313.4115709973053,10.607142857142858,6,28.6%,14.3%,21.4%,35.7%
K-Fold (5),MinMax,XGBoost,0.9,3,3425.6817411478055,13.725714285714284,0,11.4%,14.3%,2.9%,71.4%
K-Fold (5),Z-Score,XGBoost,0.9,3,3425.6817411478055,13.725714285714284,0,11.4%,14.3%,2.9%,71.4%
Hold-out,Z-Score,Random Forest,0.9,3,3477.3629487766902,11.021428571428572,6,35.7%,28.6%,28.6%,7.1%
Hold-out,MinMax,Random Forest,0.9,3,3477.3768383892793,11.0,6,35.7%,28.6%,28.6%,7.1%
Hold-out,MinMax,Random Forest,0.7,10,3543.6839960709153,7.238461538461539,7,38.5%,38.5%,23.1%,0.0%
Hold-out,MinMax,Random Forest,0.9,5,3544.9549388164783,7.661538461538461,7,30.8%,46.2%,23.1%,0.0%
Hold-out,Z-Score,Random Forest,0.9,5,3546.3541099378886,7.838461538461538,7,30.8%,46.2%,23.1%,0.0%
Hold-out,Z-Score,Random Forest,0.6,10,3546.4870708832086,7.515384615384614,7,46.2%,30.8%,23.1%,0.0%
Hold-out,MinMax,Random Forest,0.85,10,3550.974357558705,7.323076923076922,7,30.8%,46.2%,15.4%,7.7%
Hold-out,Z-Score,Random Forest,0.7,10,3556.984580041978,7.423076923076923,7,38.5%,30.8%,23.1%,7.7%
Hold-out,MinMax,Random Forest,0.75,10,3557.659352198862,7.676923076923076,7,38.5%,30.8%,23.1%,7.7%
Hold-out,Z-Score,Random Forest,0.75,10,3557.659352198862,7.676923076923076,7,38.5%,30.8%,23.1%,7.7%
Hold-out,Z-Score,Random Forest,0.8,10,3557.7287515600415,7.669230769230769,7,30.8%,38.5%,23.1%,7.7%
Hold-out,MinMax,Random Forest,0.8,10,3557.8257938776674,7.738461538461537,7,30.8%,38.5%,23.1%,7.7%
Hold-out,Z-Score,XGBoost,0.9,5,3558.4552252025937,4.8999999999999995,7,15.4%,76.9%,0.0%,7.7%
Hold-out,MinMax,XGBoost,0.9,5,3558.4552252025937,4.8999999999999995,7,15.4%,76.9%,0.0%,7.7%
K-Fold (5),MinMax,XGBoost,0.6,2,3585.4843074882574,11.5,0,31.4%,22.9%,22.9%,22.9%
K-Fold (5),Z-Score,XGBoost,0.6,2,3585.4843074882574,11.5,0,31.4%,22.9%,22.9%,22.9%
Hold-out,MinMax,LightGBM,0.9,3,3607.9744917420367,8.36923076923077,7,46.2%,30.8%,15.4%,7.7%
Hold-out,Z-Score,Gradient Boosting,0.8,10,3618.7889867182193,6.338461538461536,7,30.8%,53.8%,0.0%,15.4%
Hold-out,MinMax,Gradient Boosting,0.8,10,3618.7889867182193,6.338461538461536,7,30.8%,53.8%,0.0%,15.4%
Hold-out,Z-Score,Random Forest,0.85,10,3623.214270748948,8.276923076923078,7,23.1%,46.2%,15.4%,15.4%
Hold-out,MinMax,Gradient Boosting,0.9,5,3649.5145068714105,6.538461538461538,7,23.1%,53.8%,0.0%,23.1%
Hold-out,Z-Score,Gradient Boosting,0.9,5,3649.5145068714105,6.538461538461538,7,23.1%,53.8%,0.0%,23.1%
Hold-out,Z-Score,LightGBM,0.9,5,3653.1634097912665,9.069230769230769,7,30.8%,38.5%,15.4%,15.4%
Hold-out,MinMax,LightGBM,0.9,5,3654.2981254708066,9.507692307692308,7,30.8%,38.5%,15.4%,15.4%
Hold-out,Z-Score,LightGBM,0.75,10,3667.443419239812,9.115384615384613,7,38.5%,23.1%,15.4%,23.1%
Hold-out,MinMax,Gradient Boosting,0.85,10,3667.997620929969,7.084615384615384,7,23.1%,53.8%,0.0%,23.1%
Hold-out,Z-Score,Gradient Boosting,0.85,10,3667.997620929969,7.084615384615384,7,23.1%,53.8%,0.0%,23.1%
Hold-out,Z-Score,Logistic Regression,0.9,5,3672.3445007646965,7.692307692307693,7,23.1%,46.2%,0.0%,30.8%
Hold-out,MinMax,Logistic Regression,0.9,5,3677.7741037439346,7.538461538461539,7,23.1%,46.2%,0.0%,30.8%
Hold-out,Z-Score,Logistic Regression,0.85,10,3686.0931454813244,7.453846153846154,7,30.8%,38.5%,0.0%,30.8%
Hold-out,MinMax,LightGBM,0.8,10,3686.1886466697542,7.530769230769229,7,46.2%,23.1%,7.7%,23.1%
K-Fold (5),Z-Score,Logistic Regression,0.9,2,3779.131526263156,12.99714285714286,0,20.0%,20.0%,5.7%,54.3%
K-Fold (5),Z-Score,Gradient Boosting,0.6,2,3900.9238465479666,12.559999999999999,0,28.6%,22.9%,28.6%,20.0%
K-Fold (5),MinMax,Gradient Boosting,0.6,2,3900.9238465479666,12.559999999999999,0,28.6%,22.9%,28.6%,20.0%
K-Fold (5),MinMax,Gradient Boosting,0.5,2,3926.2046067328433,14.27142857142857,0,25.7%,25.7%,40.0%,8.6%
K-Fold (5),Z-Score,Gradient Boosting,0.5,2,3926.2046067328433,14.27142857142857,0,25.7%,25.7%,40.0%,8.6%
K-Fold (5),Z-Score,XGBoost,0.5,2,3928.2087133802233,14.405714285714287,0,25.7%,17.1%,42.9%,14.3%
K-Fold (5),MinMax,XGBoost,0.5,2,3928.2087133802233,14.405714285714287,0,25.7%,17.1%,42.9%,14.3%
K-Fold (5),MinMax,Logistic Regression,0.5,2,4039.360433665172,15.794285714285715,0,14.3%,17.1%,48.6%,20.0%
Hold-out,Z-Score,XGBoost,0.8,10,4074.922697926101,6.341666666666665,8,33.3%,50.0%,8.3%,8.3%
Hold-out,MinMax,XGBoost,0.8,10,4074.922697926101,6.341666666666665,8,33.3%,50.0%,8.3%,8.3%
Hold-out,Z-Score,LightGBM,0.8,10,4119.467353466766,7.63333333333333,8,50.0%,25.0%,8.3%,16.7%
Hold-out,MinMax,XGBoost,0.85,10,4135.774362246786,6.699999999999999,8,25.0%,50.0%,0.0%,25.0%
Hold-out,Z-Score,XGBoost,0.85,10,4135.774362246786,6.699999999999999,8,25.0%,50.0%,0.0%,25.0%
Hold-out,MinMax,Logistic Regression,0.85,10,4152.654852090415,7.191666666666669,8,33.3%,41.7%,0.0%,25.0%
Hold-out,MinMax,LightGBM,0.85,10,4161.717947184188,8.366666666666665,8,33.3%,33.3%,8.3%,25.0%
Hold-out,Z-Score,LightGBM,0.85,10,4168.922969107993,8.608333333333333,8,25.0%,41.7%,8.3%,25.0%
K-Fold (5),MinMax,Logistic Regression,0.9,2,4274.4886235235,12.79142857142857,0,17.1%,22.9%,2.9%,57.1%
K-Fold (5),MinMax,Logistic Regression,0.7,1,4274.670931313511,16.128571428571433,0,22.9%,11.4%,40.0%,25.7%
K-Fold (5),Z-Score,Logistic Regression,0.7,1,4309.187270491065,16.328571428571433,0,20.0%,8.6%,42.9%,28.6%
K-Fold (5),Z-Score,Logistic Regression,0.5,3,4319.489363710536,15.371428571428572,0,22.9%,14.3%,34.3%,28.6%
K-Fold (5),MinMax,LightGBM,0.8,1,4399.236621266211,14.411428571428571,0,17.1%,22.9%,45.7%,14.3%
K-Fold (5),Z-Score,XGBoost,0.85,1,4412.686320142653,12.65714285714286,0,17.1%,22.9%,25.7%,34.3%
K-Fold (5),MinMax,XGBoost,0.85,1,4412.686320142653,12.65714285714286,0,17.1%,22.9%,25.7%,34.3%
Hold-out,MinMax,LightGBM,0.5,2,4446.605144127236,18.51111111111111,2,27.8%,16.7%,55.6%,0.0%
K-Fold (5),Z-Score,Random Forest,0.5,3,4516.8524544766415,14.825714285714286,0,25.7%,20.0%,34.3%,20.0%
K-Fold (5),MinMax,Random Forest,0.5,3,4531.444129106002,14.877142857142855,0,22.9%,22.9%,34.3%,20.0%
K-Fold (5),Z-Score,Logistic Regression,0.5,2,4589.335291585214,17.17428571428572,0,11.4%,17.1%,51.4%,20.0%
Hold-out,Z-Score,Random Forest,0.9,10,4589.532578288768,8.136363636363637,9,27.3%,36.4%,18.2%,18.2%
Hold-out,MinMax,Random Forest,0.9,10,4610.488180848257,8.445454545454545,9,27.3%,36.4%,18.2%,18.2%
Hold-out,MinMax,LightGBM,0.9,10,4621.182843751321,8.063636363636366,9,9.1%,54.5%,9.1%,27.3%
K-Fold (5),Z-Score,Random Forest,0.6,3,4642.803360315088,14.965714285714288,0,22.9%,14.3%,34.3%,28.6%
Hold-out,Z-Score,XGBoost,0.9,10,4655.546500658768,7.28181818181818,9,9.1%,54.5%,0.0%,36.4%
Hold-out,MinMax,XGBoost,0.9,10,4655.546500658768,7.28181818181818,9,9.1%,54.5%,0.0%,36.4%
K-Fold (5),Z-Score,XGBoost,0.7,1,4663.706114609095,14.654285714285717,0,28.6%,14.3%,40.0%,17.1%
K-Fold (5),MinMax,XGBoost,0.7,1,4663.706114609095,14.654285714285717,0,28.6%,14.3%,40.0%,17.1%
K-Fold (5),Z-Score,XGBoost,0.75,1,4722.479869610393,14.65142857142857,0,25.7%,14.3%,37.1%,22.9%
K-Fold (5),MinMax,XGBoost,0.75,1,4722.479869610393,14.65142857142857,0,25.7%,14.3%,37.1%,22.9%
K-Fold (5),MinMax,XGBoost,0.8,1,4736.916612401295,12.985714285714286,0,28.6%,17.1%,28.6%,25.7%
K-Fold (5),Z-Score,XGBoost,0.8,1,4736.916612401295,12.985714285714286,0,28.6%,17.1%,28.6%,25.7%
K-Fold (5),MinMax,Random Forest,0.6,3,4767.4784812838725,15.479999999999999,0,20.0%,14.3%,34.3%,31.4%
K-Fold (5),MinMax,Random Forest,0.7,2,4830.6325188546625,16.908571428571424,0,20.0%,11.4%,45.7%,22.9%
K-Fold (5),Z-Score,Random Forest,0.85,2,5045.783349105106,15.072727272727272,2,18.2%,21.2%,39.4%,21.2%
K-Fold (5),MinMax,LightGBM,0.9,3,5055.097199626422,12.837142857142856,0,14.3%,25.7%,0.0%,60.0%
K-Fold (5),Z-Score,Random Forest,0.8,2,5099.742556449548,16.426470588235297,1,17.6%,14.7%,47.1%,20.6%
Hold-out,Z-Score,LightGBM,0.9,10,5120.882660661056,8.73,10,20.0%,40.0%,10.0%,30.0%
K-Fold (5),Z-Score,Logistic Regression,0.85,5,5128.446783843923,13.235294117647058,1,20.6%,11.8%,2.9%,64.7%
K-Fold (5),MinMax,Random Forest,0.85,2,5131.708470423381,15.718181818181819,2,21.2%,15.2%,42.4%,21.2%
K-Fold (5),MinMax,Random Forest,0.75,2,5131.738995687117,16.658823529411762,1,17.6%,14.7%,47.1%,20.6%
K-Fold (5),Z-Score,Random Forest,0.75,2,5132.9337437149625,16.911764705882348,1,20.6%,11.8%,47.1%,20.6%
Hold-out,MinMax,Logistic Regression,0.9,10,5193.613236698195,8.459999999999999,10,20.0%,30.0%,0.0%,50.0%
Hold-out,Z-Score,Logistic Regression,0.9,10,5193.691783873248,8.53,10,20.0%,30.0%,0.0%,50.0%
K-Fold (5),Z-Score,Random Forest,0.7,2,5203.5322000535925,16.939999999999998,0,20.0%,11.4%,45.7%,22.9%
Hold-out,Z-Score,Gradient Boosting,0.9,10,5206.2768525759775,9.080000000000002,10,20.0%,30.0%,0.0%,50.0%
Hold-out,MinMax,Gradient Boosting,0.9,10,5206.2768525759775,9.080000000000002,10,20.0%,30.0%,0.0%,50.0%
K-Fold (5),MinMax,Logistic Regression,0.85,5,5268.238898550447,13.444117647058825,1,20.6%,11.8%,2.9%,64.7%
K-Fold (5),MinMax,Random Forest,0.8,2,5357.434153955202,16.205882352941178,1,23.5%,14.7%,41.2%,20.6%
Hold-out,MinMax,Gradient Boosting,0.6,1,5461.067802158007,20.642105263157898,1,15.8%,10.5%,73.7%,0.0%
Hold-out,Z-Score,Gradient Boosting,0.6,1,5461.067802158007,20.642105263157898,1,15.8%,10.5%,73.7%,0.0%
K-Fold (5),Z-Score,LightGBM,0.9,3,5867.944924063672,13.479999999999997,0,14.3%,22.9%,0.0%,62.9%
K-Fold (5),MinMax,LightGBM,0.5,5,5890.436931894104,11.865714285714285,0,22.9%,22.9%,17.1%,37.1%
K-Fold (5),Z-Score,LightGBM,0.5,5,6008.649831660753,12.268571428571429,0,17.1%,22.9%,20.0%,40.0%
K-Fold (5),Z-Score,Gradient Boosting,0.7,1,6113.53432214454,15.53714285714286,0,20.0%,20.0%,42.9%,17.1%
K-Fold (5),MinMax,Gradient Boosting,0.7,1,6113.53432214454,15.53714285714286,0,20.0%,20.0%,42.9%,17.1%
K-Fold (5),MinMax,Logistic Regression,0.7,5,6125.319712194334,13.074285714285717,0,22.9%,22.9%,14.3%,40.0%
K-Fold (5),Z-Score,LightGBM,0.6,5,6169.6149474003,11.254285714285714,0,28.6%,22.9%,8.6%,40.0%
K-Fold (5),Z-Score,Gradient Boosting,0.75,1,6178.303230723068,15.251428571428573,0,20.0%,20.0%,40.0%,20.0%
K-Fold (5),MinMax,Gradient Boosting,0.75,1,6178.303230723068,15.251428571428573,0,20.0%,20.0%,40.0%,20.0%
K-Fold (5),MinMax,Gradient Boosting,0.6,1,6289.7999254130455,17.05142857142857,0,22.9%,17.1%,48.6%,11.4%
K-Fold (5),Z-Score,Gradient Boosting,0.6,1,6289.7999254130455,17.05142857142857,0,22.9%,17.1%,48.6%,11.4%
K-Fold (5),MinMax,LightGBM,0.6,5,6645.870233659885,10.825714285714286,0,31.4%,20.0%,5.7%,42.9%
Hold-out,Z-Score,Logistic Regression,0.5,1,7046.376226780392,22.26842105263158,1,15.8%,10.5%,73.7%,0.0%
K-Fold (5),MinMax,Gradient Boosting,0.5,10,7614.256001645505,12.96857142857143,0,17.1%,22.9%,11.4%,48.6%
K-Fold (5),Z-Score,Gradient Boosting,0.5,10,7614.256001645505,12.96857142857143,0,17.1%,22.9%,11.4%,48.6%
K-Fold (5),MinMax,Gradient Boosting,0.7,5,7630.347594808027,12.17142857142857,0,25.7%,17.1%,2.9%,54.3%
K-Fold (5),Z-Score,Gradient Boosting,0.7,5,7630.347594808027,12.17142857142857,0,25.7%,17.1%,2.9%,54.3%
K-Fold (5),Z-Score,Gradient Boosting,0.75,10,7743.286339305672,14.076470588235292,1,14.7%,20.6%,2.9%,61.8%
K-Fold (5),MinMax,Gradient Boosting,0.75,10,7743.286339305672,14.076470588235292,1,14.7%,20.6%,2.9%,61.8%
Hold-out,Z-Score,Gradient Boosting,0.5,1,7832.634264812261,22.199999999999996,0,20.0%,10.0%,70.0%,0.0%
Hold-out,MinMax,Gradient Boosting,0.5,1,7832.634264812261,22.199999999999996,0,20.0%,10.0%,70.0%,0.0%
K-Fold (5),MinMax,Gradient Boosting,0.8,10,7879.959612689588,14.738235294117647,1,11.8%,17.6%,2.9%,67.6%
K-Fold (5),Z-Score,Gradient Boosting,0.8,10,7879.959612689588,14.738235294117647,1,11.8%,17.6%,2.9%,67.6%
Hold-out,Z-Score,LightGBM,0.5,1,7946.112837969875,25.4,0,15.0%,5.0%,80.0%,0.0%
K-Fold (5),Z-Score,Gradient Boosting,0.9,3,8008.494963874985,13.67142857142857,0,17.1%,17.1%,0.0%,65.7%
K-Fold (5),MinMax,Gradient Boosting,0.9,3,8008.494963874985,13.67142857142857,0,17.1%,17.1%,0.0%,65.7%
K-Fold (5),MinMax,Random Forest,0.7,10,8339.00582934364,15.86470588235294,1,5.9%,17.6%,17.6%,58.8%
K-Fold (5),Z-Score,Random Forest,0.6,2,8401.032379759019,20.625714285714285,0,14.3%,11.4%,54.3%,20.0%
K-Fold (5),MinMax,Random Forest,0.6,2,8415.434829997705,20.8,0,14.3%,11.4%,54.3%,20.0%
K-Fold (5),Z-Score,Random Forest,0.5,10,8486.642541326986,14.22,0,14.3%,14.3%,17.1%,54.3%
K-Fold (5),MinMax,Random Forest,0.6,5,8506.942927744662,14.540000000000001,0,17.1%,17.1%,22.9%,42.9%
K-Fold (5),MinMax,Random Forest,0.5,10,8524.931354871009,14.334285714285716,0,14.3%,14.3%,17.1%,54.3%
K-Fold (5),MinMax,Logistic Regression,0.6,1,8656.703693331217,19.825714285714284,0,8.6%,14.3%,57.1%,20.0%
K-Fold (5),MinMax,Random Forest,0.75,10,8938.125100957011,16.242424242424242,2,6.1%,18.2%,18.2%,57.6%
K-Fold (5),Z-Score,XGBoost,0.7,5,8982.087259056712,12.5,0,22.9%,17.1%,5.7%,54.3%
K-Fold (5),MinMax,XGBoost,0.7,5,8982.087259056712,12.5,0,22.9%,17.1%,5.7%,54.3%
K-Fold (5),Z-Score,Random Forest,0.9,10,9159.476156811912,16.27333333333333,5,13.3%,16.7%,6.7%,63.3%
K-Fold (5),Z-Score,Gradient Boosting,0.75,5,9346.280160622602,12.408571428571427,0,25.7%,17.1%,2.9%,54.3%
K-Fold (5),MinMax,Gradient Boosting,0.75,5,9346.280160622602,12.408571428571427,0,25.7%,17.1%,2.9%,54.3%
K-Fold (5),Z-Score,XGBoost,0.75,5,9440.370189628573,13.271428571428572,0,20.0%,14.3%,2.9%,62.9%
K-Fold (5),MinMax,XGBoost,0.75,5,9440.370189628573,13.271428571428572,0,20.0%,14.3%,2.9%,62.9%
K-Fold (5),Z-Score,Random Forest,0.7,10,9493.706689551176,15.926470588235293,1,5.9%,17.6%,17.6%,58.8%
K-Fold (5),MinMax,Gradient Boosting,0.8,5,9590.496029929735,13.425714285714285,0,20.0%,17.1%,2.9%,60.0%
K-Fold (5),Z-Score,Gradient Boosting,0.8,5,9590.496029929735,13.425714285714285,0,20.0%,17.1%,2.9%,60.0%
K-Fold (5),MinMax,Gradient Boosting,0.85,10,9715.566912682656,15.393939393939394,2,12.1%,18.2%,0.0%,69.7%
K-Fold (5),Z-Score,Gradient Boosting,0.85,10,9715.566912682656,15.393939393939394,2,12.1%,18.2%,0.0%,69.7%
K-Fold (5),Z-Score,LightGBM,0.7,5,9732.172249943631,12.068571428571428,0,22.9%,22.9%,5.7%,48.6%
K-Fold (5),Z-Score,Random Forest,0.7,5,9933.225974508454,15.317142857142855,0,14.3%,17.1%,22.9%,45.7%
K-Fold (5),MinMax,XGBoost,0.5,10,9956.988927093753,13.491428571428573,0,17.1%,22.9%,8.6%,51.4%
K-Fold (5),Z-Score,XGBoost,0.5,10,9956.988927093753,13.491428571428573,0,17.1%,22.9%,8.6%,51.4%
K-Fold (5),MinMax,XGBoost,0.8,5,9957.207128380322,13.90285714285714,0,20.0%,14.3%,2.9%,62.9%
K-Fold (5),Z-Score,XGBoost,0.8,5,9957.207128380322,13.90285714285714,0,20.0%,14.3%,2.9%,62.9%
K-Fold (5),MinMax,Random Forest,0.7,5,9987.691308470447,15.265714285714285,0,14.3%,17.1%,22.9%,45.7%
K-Fold (5),Z-Score,LightGBM,0.75,5,10045.251666972183,12.562857142857144,0,22.9%,20.0%,2.9%,54.3%
K-Fold (5),Z-Score,Logistic Regression,0.6,1,10229.877907197937,20.157142857142862,0,8.6%,14.3%,57.1%,20.0%
K-Fold (5),Z-Score,XGBoost,0.6,10,10354.528863116237,14.145714285714286,0,20.0%,17.1%,5.7%,57.1%
K-Fold (5),MinMax,XGBoost,0.6,10,10354.528863116237,14.145714285714286,0,20.0%,17.1%,5.7%,57.1%
K-Fold (5),Z-Score,Random Forest,0.5,2,10363.405908463368,22.094285714285718,0,11.4%,11.4%,60.0%,17.1%
K-Fold (5),MinMax,Gradient Boosting,0.6,10,10686.34193982819,13.897142857142859,0,20.0%,17.1%,8.6%,54.3%
K-Fold (5),Z-Score,Gradient Boosting,0.6,10,10686.34193982819,13.897142857142859,0,20.0%,17.1%,8.6%,54.3%
K-Fold (5),Z-Score,Logistic Regression,0.8,10,10744.804920800694,14.685294117647059,1,14.7%,17.6%,5.9%,61.8%
K-Fold (5),MinMax,Logistic Regression,0.8,10,10860.1618412586,14.879411764705882,1,17.6%,17.6%,2.9%,61.8%
K-Fold (5),Z-Score,Random Forest,0.9,5,11026.23082917257,15.109375,3,15.6%,12.5%,12.5%,59.4%
K-Fold (5),MinMax,Random Forest,0.9,5,11033.911316260012,14.9875,3,12.5%,15.6%,12.5%,59.4%
Hold-out,MinMax,Random Forest,0.9,1,11261.941571407555,20.263157894736846,1,21.1%,10.5%,68.4%,0.0%
Hold-out,Z-Score,Random Forest,0.9,1,11265.916562670825,20.457894736842103,1,21.1%,10.5%,68.4%,0.0%
K-Fold (5),MinMax,Logistic Regression,0.5,10,11326.191901194394,14.314285714285715,0,17.1%,22.9%,25.7%,34.3%
K-Fold (5),Z-Score,Random Forest,0.75,10,11504.681207125548,16.30606060606061,2,6.1%,18.2%,18.2%,57.6%
Hold-out,Z-Score,Random Forest,0.7,3,11602.99488531442,16.30588235294118,3,41.2%,11.8%,35.3%,11.8%
Hold-out,MinMax,Random Forest,0.7,3,11656.790914101792,17.258823529411767,3,35.3%,11.8%,41.2%,11.8%
Hold-out,MinMax,Random Forest,0.6,3,11669.46313482393,19.082352941176474,3,35.3%,5.9%,52.9%,5.9%
K-Fold (5),Z-Score,Logistic Regression,0.9,5,11670.121898346022,14.8,1,14.7%,14.7%,0.0%,70.6%
Hold-out,Z-Score,Random Forest,0.6,3,11708.6825512535,18.964705882352945,3,35.3%,5.9%,47.1%,11.8%
Hold-out,MinMax,Random Forest,0.75,2,11998.963131781706,20.96470588235294,3,29.4%,5.9%,58.8%,5.9%
Hold-out,Z-Score,Random Forest,0.75,2,12127.509444714422,22.976470588235294,3,17.6%,5.9%,70.6%,5.9%
Hold-out,MinMax,Random Forest,0.8,2,12136.921116033893,18.487500000000004,4,43.8%,6.2%,50.0%,0.0%
Hold-out,Z-Score,Random Forest,0.8,2,12153.33413798163,18.775,4,43.8%,6.2%,50.0%,0.0%
Hold-out,MinMax,Random Forest,0.7,2,12264.487356604825,22.988235294117644,3,17.6%,5.9%,70.6%,5.9%
Hold-out,Z-Score,Random Forest,0.7,2,12268.545704444477,23.023529411764706,3,17.6%,5.9%,70.6%,5.9%
K-Fold (5),Z-Score,XGBoost,0.7,10,12285.973791861397,14.522857142857141,0,17.1%,17.1%,2.9%,62.9%
K-Fold (5),MinMax,XGBoost,0.7,10,12285.973791861397,14.522857142857141,0,17.1%,17.1%,2.9%,62.9%
K-Fold (5),MinMax,Logistic Regression,0.9,5,12325.660686228794,15.426470588235293,1,14.7%,14.7%,0.0%,70.6%
K-Fold (5),MinMax,LightGBM,0.5,10,12339.558089810671,12.937142857142856,0,20.0%,25.7%,2.9%,51.4%
K-Fold (5),Z-Score,Logistic Regression,0.5,10,12358.338517780949,14.548571428571428,0,14.3%,25.7%,25.7%,34.3%
K-Fold (5),MinMax,Random Forest,0.8,10,12671.893109078559,16.10625,3,6.2%,18.8%,15.6%,59.4%
K-Fold (5),Z-Score,XGBoost,0.85,5,12683.983992635944,14.542857142857143,0,14.3%,17.1%,2.9%,65.7%
K-Fold (5),MinMax,XGBoost,0.85,5,12683.983992635944,14.542857142857143,0,14.3%,17.1%,2.9%,65.7%
K-Fold (5),Z-Score,Logistic Regression,0.85,10,12743.627387697152,15.03529411764706,1,20.6%,11.8%,0.0%,67.6%
Hold-out,MinMax,Random Forest,0.5,3,12777.927626390087,20.311764705882354,3,23.5%,11.8%,64.7%,0.0%
K-Fold (5),MinMax,Gradient Boosting,0.9,10,12866.049647886795,17.536363636363635,2,6.1%,15.2%,0.0%,78.8%
K-Fold (5),Z-Score,Gradient Boosting,0.9,10,12866.049647886795,17.536363636363635,2,6.1%,15.2%,0.0%,78.8%
K-Fold (5),MinMax,Logistic Regression,0.85,10,12898.848773994017,14.997058823529414,1,17.6%,14.7%,0.0%,67.6%
K-Fold (5),MinMax,Logistic Regression,0.6,10,13159.648379709968,13.642857142857144,0,17.1%,28.6%,17.1%,37.1%
Hold-out,MinMax,LightGBM,0.5,1,13179.375609029155,23.805,0,15.0%,10.0%,75.0%,0.0%
K-Fold (5),MinMax,LightGBM,0.7,5,13226.112951058341,12.202857142857143,0,20.0%,25.7%,5.7%,48.6%
K-Fold (5),Z-Score,Logistic Regression,0.6,10,13236.476654674167,14.440000000000001,0,17.1%,25.7%,20.0%,37.1%
K-Fold (5),MinMax,XGBoost,0.75,10,13418.804796542041,15.137142857142855,0,11.4%,20.0%,2.9%,65.7%
K-Fold (5),Z-Score,XGBoost,0.75,10,13418.804796542041,15.137142857142855,0,11.4%,20.0%,2.9%,65.7%
K-Fold (5),MinMax,Random Forest,0.85,10,14009.59409766792,16.653125,3,9.4%,15.6%,9.4%,65.6%
K-Fold (5),Z-Score,Gradient Boosting,0.7,10,14510.465941457987,14.517142857142858,0,17.1%,17.1%,2.9%,62.9%
K-Fold (5),MinMax,Gradient Boosting,0.7,10,14510.465941457987,14.517142857142858,0,17.1%,17.1%,2.9%,62.9%
K-Fold (5),Z-Score,Random Forest,0.8,10,14856.776434337027,16.754545454545454,2,6.1%,18.2%,15.2%,60.6%
K-Fold (5),Z-Score,Random Forest,0.75,5,15474.626672567614,15.776470588235293,1,11.8%,8.8%,23.5%,55.9%
K-Fold (5),Z-Score,Logistic Regression,0.8,3,15547.13369125598,13.117142857142857,0,20.0%,22.9%,14.3%,42.9%
K-Fold (5),MinMax,Random Forest,0.75,5,15555.669781442484,15.90294117647059,1,11.8%,8.8%,23.5%,55.9%
K-Fold (5),MinMax,Logistic Regression,0.85,3,15769.105810842424,13.179999999999998,0,14.3%,17.1%,11.4%,57.1%
K-Fold (5),Z-Score,Logistic Regression,0.85,3,15821.628228492498,13.508571428571427,0,14.3%,17.1%,11.4%,57.1%
K-Fold (5),Z-Score,Random Forest,0.8,5,15938.996666113591,16.08823529411765,1,11.8%,8.8%,23.5%,55.9%
K-Fold (5),MinMax,XGBoost,0.8,10,15960.440886236902,15.688571428571429,0,14.3%,17.1%,0.0%,68.6%
K-Fold (5),Z-Score,XGBoost,0.8,10,15960.440886236902,15.688571428571429,0,14.3%,17.1%,0.0%,68.6%
K-Fold (5),MinMax,Random Forest,0.8,5,16003.751715907707,15.80909090909091,2,9.1%,12.1%,24.2%,54.5%
K-Fold (5),MinMax,LightGBM,0.75,5,16375.584305559487,13.228571428571428,0,20.0%,22.9%,2.9%,54.3%
K-Fold (5),MinMax,LightGBM,0.8,5,16671.910436902428,13.614285714285714,0,20.0%,20.0%,0.0%,60.0%
K-Fold (5),Z-Score,LightGBM,0.8,5,17518.889422519933,13.582857142857144,0,20.0%,17.1%,0.0%,62.9%
K-Fold (5),Z-Score,Logistic Regression,0.9,3,17862.833045026346,14.340000000000002,0,14.3%,14.3%,5.7%,65.7%
K-Fold (5),Z-Score,Gradient Boosting,0.85,5,17957.163650755363,14.485714285714286,0,14.3%,14.3%,2.9%,68.6%
K-Fold (5),MinMax,Gradient Boosting,0.85,5,17957.163650755363,14.485714285714286,0,14.3%,14.3%,2.9%,68.6%
K-Fold (5),Z-Score,LightGBM,0.85,10,17979.155567927537,17.28181818181818,2,6.1%,21.2%,0.0%,72.7%
K-Fold (5),MinMax,Logistic Regression,0.9,3,18002.170214602873,14.131428571428573,0,17.1%,17.1%,0.0%,65.7%
K-Fold (5),MinMax,Random Forest,0.6,10,18198.65483541079,15.225714285714284,0,8.6%,17.1%,17.1%,57.1%
K-Fold (5),Z-Score,Random Forest,0.6,10,18238.071431533222,15.302857142857144,0,8.6%,20.0%,17.1%,54.3%
K-Fold (5),Z-Score,Logistic Regression,0.5,1,19049.655045477906,25.56285714285714,0,11.4%,20.0%,65.7%,2.9%
K-Fold (5),Z-Score,Logistic Regression,0.7,5,19210.81962888126,14.062857142857144,0,20.0%,22.9%,17.1%,40.0%
K-Fold (5),Z-Score,Logistic Regression,0.75,5,19486.145786362264,13.50857142857143,0,17.1%,22.9%,14.3%,45.7%
K-Fold (5),MinMax,Logistic Regression,0.75,5,19724.14523436191,13.48857142857143,0,14.3%,25.7%,14.3%,45.7%
K-Fold (5),Z-Score,XGBoost,0.9,5,19985.142007717153,16.014285714285716,0,11.4%,14.3%,0.0%,74.3%
K-Fold (5),MinMax,XGBoost,0.9,5,19985.142007717153,16.014285714285716,0,11.4%,14.3%,0.0%,74.3%
K-Fold (5),Z-Score,Gradient Boosting,0.9,5,19994.70972958497,15.025714285714285,0,11.4%,20.0%,0.0%,68.6%
K-Fold (5),MinMax,Gradient Boosting,0.9,5,19994.70972958497,15.025714285714285,0,11.4%,20.0%,0.0%,68.6%
K-Fold (5),Z-Score,Logistic Regression,0.8,5,20143.28574855843,13.53714285714286,0,14.3%,22.9%,8.6%,54.3%
K-Fold (5),MinMax,Logistic Regression,0.5,1,20173.355881294123,25.877142857142854,0,11.4%,17.1%,65.7%,5.7%
K-Fold (5),MinMax,Logistic Regression,0.8,5,20315.81891655757,13.497142857142858,0,14.3%,20.0%,8.6%,57.1%
K-Fold (5),Z-Score,LightGBM,0.9,10,20684.473691646726,18.548484848484847,2,6.1%,12.1%,0.0%,81.8%
K-Fold (5),Z-Score,Logistic Regression,0.9,10,20954.493982707532,17.070588235294117,1,5.9%,23.5%,0.0%,70.6%
K-Fold (5),Z-Score,LightGBM,0.8,10,21234.39257480588,15.78823529411765,1,5.9%,26.5%,0.0%,67.6%
K-Fold (5),MinMax,LightGBM,0.9,10,21593.973660356995,18.257575757575758,2,6.1%,15.2%,0.0%,78.8%
K-Fold (5),MinMax,Random Forest,0.85,5,22164.78959471718,16.26060606060606,2,12.1%,15.2%,18.2%,54.5%
K-Fold (5),Z-Score,LightGBM,0.5,10,22563.585614148542,13.725714285714284,0,20.0%,25.7%,2.9%,51.4%
K-Fold (5),Z-Score,XGBoost,0.9,10,22835.976750823076,18.784848484848485,2,9.1%,9.1%,0.0%,81.8%
K-Fold (5),MinMax,XGBoost,0.9,10,22835.976750823076,18.784848484848485,2,9.1%,9.1%,0.0%,81.8%
K-Fold (5),Z-Score,Random Forest,0.85,5,22961.45069949417,16.151515151515156,2,12.1%,15.2%,18.2%,54.5%
K-Fold (5),MinMax,Logistic Regression,0.9,10,23053.4190014079,17.33823529411765,1,8.8%,17.6%,0.0%,73.5%
K-Fold (5),Z-Score,XGBoost,0.6,1,24468.98021618658,18.051428571428573,0,20.0%,17.1%,51.4%,11.4%
K-Fold (5),MinMax,XGBoost,0.6,1,24468.98021618658,18.051428571428573,0,20.0%,17.1%,51.4%,11.4%
K-Fold (5),MinMax,LightGBM,0.6,10,25356.9610925844,13.697142857142856,0,20.0%,28.6%,0.0%,51.4%
K-Fold (5),Z-Score,LightGBM,0.6,10,25373.11220203874,13.937142857142856,0,17.1%,31.4%,0.0%,51.4%
K-Fold (5),Z-Score,Random Forest,0.85,10,26545.04826561187,16.9375,3,9.4%,15.6%,9.4%,65.6%
K-Fold (5),Z-Score,Logistic Regression,0.7,10,26961.558167708077,15.022857142857141,0,11.4%,20.0%,14.3%,54.3%
K-Fold (5),MinMax,Random Forest,0.9,10,27124.586567477905,17.161290322580644,4,12.9%,16.1%,6.5%,64.5%
K-Fold (5),MinMax,Logistic Regression,0.7,10,27375.57721184984,14.934285714285712,0,11.4%,20.0%,14.3%,54.3%
K-Fold (5),Z-Score,XGBoost,0.85,10,27451.8696106085,17.455882352941178,1,11.8%,14.7%,0.0%,73.5%
K-Fold (5),MinMax,XGBoost,0.85,10,27451.8696106085,17.455882352941178,1,11.8%,14.7%,0.0%,73.5%
K-Fold (5),MinMax,LightGBM,0.85,5,27768.914712419693,14.708571428571426,0,11.4%,20.0%,0.0%,68.6%
K-Fold (5),MinMax,Logistic Regression,0.75,10,28258.153495679377,14.717142857142857,0,11.4%,22.9%,8.6%,57.1%
K-Fold (5),Z-Score,Logistic Regression,0.75,10,28334.64057128482,15.24,0,14.3%,14.3%,11.4%,60.0%
K-Fold (5),Z-Score,LightGBM,0.85,5,29015.803350370727,14.539999999999997,0,11.4%,22.9%,0.0%,65.7%
Hold-out,MinMax,XGBoost,0.5,1,32697.844464283222,19.014999999999997,0,20.0%,15.0%,65.0%,0.0%
Hold-out,Z-Score,XGBoost,0.5,1,32697.844464283222,19.014999999999997,0,20.0%,15.0%,65.0%,0.0%
K-Fold (5),MinMax,LightGBM,0.7,10,33274.593373383424,14.622857142857145,0,14.3%,25.7%,0.0%,60.0%
K-Fold (5),Z-Score,LightGBM,0.7,10,33413.224653319216,15.04857142857143,0,17.1%,20.0%,0.0%,62.9%
K-Fold (5),Z-Score,LightGBM,0.75,10,33641.46824506498,15.574285714285715,0,8.6%,25.7%,0.0%,65.7%
K-Fold (5),MinMax,LightGBM,0.75,10,34497.56255479093,15.979999999999999,0,5.7%,25.7%,0.0%,68.6%
K-Fold (5),MinMax,LightGBM,0.8,10,35461.424635901865,16.774285714285714,0,5.7%,22.9%,0.0%,71.4%
K-Fold (5),Z-Score,LightGBM,0.9,5,36589.84302265659,16.10285714285714,0,5.7%,20.0%,0.0%,74.3%
K-Fold (5),MinMax,LightGBM,0.9,5,36801.62176104565,15.98857142857143,0,5.7%,20.0%,0.0%,74.3%
K-Fold (5),Z-Score,LightGBM,0.75,1,37775.847850188096,15.754285714285714,0,17.1%,22.9%,48.6%,11.4%
K-Fold (5),MinMax,LightGBM,0.75,1,38022.51450152538,16.022857142857145,0,17.1%,22.9%,45.7%,14.3%
K-Fold (5),MinMax,LightGBM,0.7,1,38357.51287974168,17.085714285714285,0,20.0%,17.1%,51.4%,11.4%
K-Fold (5),Z-Score,LightGBM,0.7,1,38443.90280331123,17.194285714285716,0,14.3%,20.0%,54.3%,11.4%
K-Fold (5),Z-Score,Random Forest,0.9,1,39751.1578796185,19.017647058823535,1,17.6%,14.7%,52.9%,14.7%
K-Fold (5),MinMax,Random Forest,0.9,1,39879.367186092386,20.000000000000004,1,14.7%,11.8%,58.8%,14.7%
K-Fold (5),MinMax,Random Forest,0.85,1,40836.49197275957,21.28235294117647,1,14.7%,8.8%,61.8%,14.7%
K-Fold (5),Z-Score,Random Forest,0.85,1,40854.0998850242,21.54411764705883,1,14.7%,8.8%,61.8%,14.7%
K-Fold (5),MinMax,Random Forest,0.8,1,41076.5092666157,22.26176470588236,1,14.7%,8.8%,64.7%,11.8%
K-Fold (5),Z-Score,Random Forest,0.8,1,41076.5092666157,22.26176470588236,1,14.7%,8.8%,64.7%,11.8%
K-Fold (5),MinMax,LightGBM,0.85,10,42708.39546769513,18.22,0,5.7%,20.0%,0.0%,74.3%
K-Fold (5),MinMax,LightGBM,0.6,1,47607.99881045304,22.09142857142857,0,17.1%,11.4%,65.7%,5.7%
K-Fold (5),Z-Score,LightGBM,0.6,1,49390.85222888729,20.56857142857143,0,20.0%,11.4%,62.9%,5.7%
Hold-out,Z-Score,Random Forest,0.6,2,50396.173410994656,25.017647058823528,3,5.9%,11.8%,82.4%,0.0%
Hold-out,MinMax,Random Forest,0.6,2,50446.300234759015,25.470588235294116,3,5.9%,5.9%,82.4%,5.9%
Hold-out,Z-Score,Random Forest,0.5,3,51694.12823181487,23.2764705882353,3,17.6%,11.8%,70.6%,0.0%
Hold-out,Z-Score,Random Forest,0.85,1,56225.698075717824,25.05263157894737,1,21.1%,10.5%,68.4%,0.0%
Hold-out,MinMax,Random Forest,0.85,1,56227.060225493624,25.115789473684213,1,21.1%,10.5%,68.4%,0.0%
Hold-out,MinMax,Random Forest,0.8,1,57320.0838360831,26.278947368421054,1,15.8%,5.3%,78.9%,0.0%
Hold-out,Z-Score,Random Forest,0.8,1,57384.77094104212,27.605263157894736,1,10.5%,5.3%,84.2%,0.0%
Hold-out,MinMax,Random Forest,0.5,2,61105.97707700462,25.776470588235295,3,5.9%,11.8%,82.4%,0.0%
Hold-out,Z-Score,Random Forest,0.5,2,61165.21994659511,26.72941176470588,3,5.9%,11.8%,82.4%,0.0%
K-Fold (5),MinMax,Random Forest,0.5,2,70909.11118245339,23.48,0,11.4%,11.4%,60.0%,17.1%
K-Fold (5),MinMax,Random Forest,0.75,1,90033.95715762982,26.72857142857143,0,14.3%,8.6%,62.9%,14.3%
K-Fold (5),Z-Score,Random Forest,0.75,1,91306.76783580978,25.702857142857148,0,14.3%,8.6%,62.9%,14.3%
K-Fold (5),MinMax,XGBoost,0.5,1,137049.9173856169,24.154285714285713,0,14.3%,14.3%,65.7%,5.7%
K-Fold (5),Z-Score,XGBoost,0.5,1,137049.9173856169,24.154285714285713,0,14.3%,14.3%,65.7%,5.7%
K-Fold (5),MinMax,Gradient Boosting,0.5,1,141618.7534777507,27.354285714285716,0,14.3%,11.4%,68.6%,5.7%
K-Fold (5),Z-Score,Gradient Boosting,0.5,1,141618.7534777507,27.354285714285716,0,14.3%,11.4%,68.6%,5.7%
Hold-out,MinMax,Random Forest,0.75,1,144019.64486480513,29.05263157894737,1,10.5%,5.3%,84.2%,0.0%
Hold-out,Z-Score,Random Forest,0.75,1,144019.751180338,29.0578947368421,1,10.5%,5.3%,84.2%,0.0%
K-Fold (5),Z-Score,LightGBM,0.5,1,175963.2926565925,26.265714285714285,0,14.3%,8.6%,71.4%,5.7%
K-Fold (5),MinMax,Random Forest,0.7,1,247757.67089096474,29.222857142857144,0,14.3%,5.7%,65.7%,14.3%
K-Fold (5),Z-Score,Random Forest,0.7,1,247931.01256193474,29.505714285714287,0,14.3%,5.7%,65.7%,14.3%
K-Fold (5),MinMax,LightGBM,0.5,1,277921.51531030907,27.83142857142857,0,17.1%,8.6%,68.6%,5.7%
K-Fold (5),Z-Score,Random Forest,0.6,1,280235.8925481128,35.56571428571429,0,8.6%,5.7%,77.1%,8.6%
Hold-out,MinMax,Random Forest,0.7,1,300276.14837741025,29.72631578947368,1,10.5%,5.3%,84.2%,0.0%
Hold-out,Z-Score,Random Forest,0.7,1,300308.6604749694,30.321052631578954,1,10.5%,5.3%,84.2%,0.0%
Hold-out,Z-Score,Random Forest,0.6,1,362373.48047402664,31.363157894736847,1,5.3%,5.3%,89.5%,0.0%
Hold-out,MinMax,Random Forest,0.6,1,364815.9917567854,32.32631578947369,1,5.3%,5.3%,89.5%,0.0%
K-Fold (5),MinMax,Random Forest,0.6,1,372732.1096139174,35.88857142857143,0,8.6%,5.7%,77.1%,8.6%
Hold-out,MinMax,Random Forest,0.5,1,674739.3636102269,39.57368421052631,1,0.0%,5.3%,94.7%,0.0%
Hold-out,Z-Score,Random Forest,0.5,1,674901.7423900659,39.38947368421052,1,0.0%,5.3%,94.7%,0.0%
K-Fold (5),Z-Score,Random Forest,0.5,1,742945.7204635645,39.44000000000001,0,2.9%,8.6%,82.9%,5.7%
K-Fold (5),MinMax,Random Forest,0.5,1,933718.7022561876,41.26571428571429,0,2.9%,5.7%,82.9%,8.6%
